Date,Store ID,Product ID,Category,Region,Inventory Level,Units Sold,Units Ordered,Price,Discount,Weather Condition,Promotion,Competitor Pricing,Seasonality,Epidemic,Demand,Potential_Loss
2022-01-02,S001,P0007,Groceries,North,37,37,497,27.22,0,Snowy,0,31.11,Winter,0,127,0.0
2022-01-02,S001,P0016,Groceries,North,25,25,0,35.58,0,Snowy,0,30.98,Winter,0,59,0.0
2022-01-02,S002,P0003,Groceries,South,20,20,0,66.64,10,Cloudy,0,61.22,Winter,0,58,0.0
2022-01-02,S002,P0004,Groceries,South,49,40,0,36.7,5,Cloudy,0,35.23,Winter,0,59,-330.3
2022-01-02,S002,P0015,Clothing,South,36,36,604,65.22,20,Cloudy,1,71.11,Winter,0,152,0.0
2022-01-02,S003,P0015,Groceries,East,35,35,622,100.93,20,Cloudy,1,120.1,Winter,0,185,0.0
2022-01-02,S004,P0013,Groceries,West,32,32,501,24.95,0,Sunny,0,23.75,Winter,0,144,0.0
2022-01-02,S005,P0015,Groceries,North,24,24,192,45.46,15,Snowy,1,49.28,Winter,0,118,0.0
2022-01-03,S001,P0003,Clothing,North,3,3,0,51.3,10,Snowy,1,56.0,Winter,0,106,0.0
2022-01-03,S001,P0010,Furniture,North,17,17,0,138.64,0,Snowy,0,124.61,Winter,0,82,0.0
2022-01-03,S002,P0004,Groceries,South,9,9,0,37.8,0,Cloudy,0,37.38,Winter,0,53,0.0
2022-01-03,S002,P0007,Toys,South,49,49,300,27.9,0,Cloudy,0,33.63,Winter,0,89,0.0
2022-01-03,S002,P0011,Groceries,South,22,22,0,109.82,0,Cloudy,0,124.57,Winter,0,144,0.0
2022-01-03,S002,P0012,Electronics,South,44,44,0,70.05,20,Cloudy,1,59.81,Winter,0,158,0.0
2022-01-03,S002,P0013,Groceries,South,14,14,0,18.11,10,Cloudy,0,21.08,Winter,0,70,0.0
2022-01-03,S002,P0017,Toys,South,18,18,0,20.44,0,Cloudy,0,23.47,Winter,0,87,0.0
2022-01-03,S002,P0019,Clothing,South,16,16,0,96.98,5,Cloudy,0,109.82,Winter,0,145,0.0
2022-01-03,S002,P0020,Furniture,South,6,6,0,82.98,25,Cloudy,1,73.24,Winter,0,22,0.0
2022-01-03,S003,P0004,Groceries,East,42,42,0,20.88,10,Cloudy,0,24.94,Winter,0,99,0.0
2022-01-03,S004,P0011,Clothing,West,5,5,0,69.83,10,Sunny,0,66.82,Winter,0,166,0.0
2022-01-03,S004,P0016,Furniture,West,14,14,365,116.65,10,Sunny,1,139.43,Winter,0,102,0.0
2022-01-03,S005,P0012,Furniture,North,42,42,0,143.23,10,Snowy,1,138.45,Winter,0,122,0.0
2022-01-05,S005,P0005,Groceries,North,35,35,0,10.42,25,Snowy,1,11.06,Winter,0,53,0.0
2022-01-06,S005,P0019,Furniture,North,37,37,130,134.65,5,Sunny,0,154.07,Winter,0,79,0.0
2022-01-08,S002,P0013,Groceries,South,18,18,0,25.05,0,Cloudy,0,22.96,Winter,0,120,0.0
2022-01-08,S004,P0014,Furniture,West,10,10,0,145.46,15,Cloudy,1,174.15,Winter,0,80,0.0
2022-01-10,S001,P0004,Electronics,North,41,32,0,84.98,0,Cloudy,0,92.98,Winter,0,31,-764.82
2022-01-13,S002,P0002,Toys,South,37,37,393,32.83,25,Cloudy,1,31.19,Winter,0,172,0.0
2022-01-13,S003,P0004,Groceries,East,40,40,0,20.22,25,Cloudy,1,18.4,Winter,0,131,0.0
2022-01-13,S005,P0001,Groceries,North,35,35,380,11.6,20,Cloudy,1,14.03,Winter,0,160,0.0
2022-01-14,S001,P0006,Toys,North,13,13,0,39.8,0,Sunny,0,43.41,Winter,0,86,0.0
2022-01-14,S001,P0008,Electronics,North,42,42,50,37.15,5,Sunny,0,43.84,Winter,0,56,0.0
2022-01-14,S003,P0008,Clothing,East,47,47,0,106.96,10,Cloudy,0,97.38,Winter,0,88,0.0
2022-01-14,S004,P0007,Groceries,West,19,19,0,33.27,20,Snowy,1,31.94,Winter,0,212,0.0
2022-01-16,S003,P0016,Electronics,East,9,9,0,89.37,0,Snowy,0,99.81,Winter,0,63,0.0
2022-01-16,S004,P0016,Furniture,West,8,8,0,111.8,10,Sunny,0,102.19,Winter,0,74,0.0
2022-01-17,S002,P0001,Groceries,South,38,38,0,78.85,20,Snowy,1,89.96,Winter,0,163,0.0
2022-01-18,S005,P0019,Furniture,North,18,18,0,130.26,15,Cloudy,1,117.64,Winter,0,87,0.0
2022-01-19,S002,P0004,Groceries,South,39,39,476,51.86,0,Sunny,0,44.09,Winter,0,149,0.0
2022-01-19,S002,P0006,Clothing,South,40,40,94,51.42,25,Sunny,1,54.38,Winter,0,109,0.0
2022-01-19,S002,P0016,Clothing,South,19,19,0,83.15,10,Sunny,0,70.92,Winter,0,93,0.0
2022-01-20,S004,P0020,Furniture,West,40,40,179,147.91,0,Sunny,0,142.37,Winter,0,95,0.0
2022-01-22,S004,P0016,Furniture,West,29,29,0,109.36,15,Sunny,1,128.24,Winter,0,100,0.0
2022-01-23,S002,P0013,Groceries,South,23,23,0,25.94,0,Cloudy,0,29.33,Winter,0,149,0.0
2022-01-24,S001,P0007,Groceries,North,32,32,0,20.68,10,Snowy,0,18.67,Winter,0,61,0.0
2022-01-25,S005,P0001,Groceries,North,7,7,291,13.5,0,Snowy,0,15.44,Winter,0,135,0.0
2022-01-26,S003,P0013,Groceries,East,22,22,0,81.35,5,Snowy,0,76.85,Winter,0,133,0.0
2022-01-26,S004,P0005,Clothing,West,48,48,191,81.27,10,Cloudy,0,93.76,Winter,0,167,0.0
2022-01-28,S003,P0014,Groceries,East,35,35,0,83.95,5,Cloudy,0,97.74,Winter,0,77,0.0
2022-01-28,S003,P0016,Electronics,East,41,41,0,99.51,5,Cloudy,0,85.69,Winter,0,93,0.0
2022-01-29,S002,P0017,Toys,South,4,4,0,19.87,10,Sunny,0,16.99,Winter,0,95,0.0
2022-01-29,S005,P0018,Clothing,North,18,18,103,19.91,10,Sunny,0,23.21,Winter,0,100,0.0
2022-01-30,S001,P0020,Furniture,North,30,30,283,120.13,0,Cloudy,0,138.75,Winter,0,77,0.0
2022-01-30,S003,P0012,Furniture,East,32,32,0,91.07,0,Snowy,0,107.63,Winter,0,53,0.0
2022-01-30,S003,P0015,Groceries,East,27,27,0,99.39,10,Snowy,0,87.29,Winter,0,119,0.0
2022-01-30,S004,P0002,Groceries,West,8,8,325,24.17,0,Snowy,0,21.4,Winter,0,138,0.0
2022-01-31,S001,P0017,Toys,North,46,46,137,24.56,5,Cloudy,0,24.54,Winter,0,119,0.0
2022-02-02,S003,P0008,Clothing,East,45,45,330,123.78,10,Sunny,0,149.65,Winter,0,152,0.0
2022-02-03,S003,P0001,Toys,East,42,42,0,16.19,5,Cloudy,0,17.53,Winter,0,99,0.0
2022-02-03,S004,P0010,Groceries,West,36,36,0,27.32,0,Sunny,0,32.07,Winter,0,114,0.0
2022-02-04,S002,P0007,Toys,South,43,31,0,21.51,10,Sunny,0,23.83,Winter,0,47,-258.12
2022-02-05,S001,P0010,Furniture,North,35,35,0,134.22,10,Sunny,0,117.9,Winter,0,104,0.0
2022-02-05,S005,P0011,Electronics,North,45,45,0,73.65,15,Sunny,1,84.11,Winter,0,118,0.0
2022-02-06,S001,P0019,Furniture,North,46,46,102,110.25,15,Sunny,1,102.11,Winter,0,100,0.0
2022-02-06,S004,P0016,Furniture,West,16,16,0,92.12,10,Snowy,0,111.16,Winter,0,37,0.0
2022-02-06,S005,P0005,Groceries,North,11,11,346,19.79,0,Sunny,0,17.86,Winter,0,144,0.0
2022-02-06,S005,P0010,Groceries,North,22,22,442,74.13,5,Sunny,0,64.49,Winter,0,171,0.0
2022-02-07,S001,P0011,Furniture,North,14,14,282,140.59,25,Snowy,1,169.91,Winter,0,118,0.0
2022-02-08,S001,P0004,Electronics,North,36,36,0,81.27,10,Snowy,0,88.1,Winter,0,46,0.0
2022-02-08,S005,P0018,Clothing,North,44,44,135,23.11,5,Snowy,0,22.15,Winter,0,113,0.0
2022-02-09,S001,P0017,Toys,North,44,44,199,25.59,25,Sunny,1,24.48,Winter,0,222,0.0
2022-02-10,S001,P0003,Clothing,North,11,11,0,54.39,25,Sunny,1,58.59,Winter,0,191,0.0
2022-02-12,S001,P0010,Furniture,North,14,14,0,142.38,5,Sunny,0,132.43,Winter,0,105,0.0
2022-02-12,S003,P0008,Clothing,East,29,29,269,136.79,0,Cloudy,0,129.63,Winter,0,133,0.0
2022-02-13,S004,P0020,Furniture,West,45,45,283,121.6,20,Cloudy,1,128.65,Winter,0,119,0.0
2022-02-13,S005,P0009,Groceries,North,47,47,0,96.51,0,Snowy,0,102.94,Winter,0,100,0.0
2022-02-14,S004,P0001,Groceries,West,8,8,505,12.03,5,Cloudy,0,12.76,Winter,0,141,0.0
2022-02-15,S002,P0005,Electronics,South,23,23,0,88.64,0,Snowy,0,101.95,Winter,0,82,0.0
2022-02-15,S004,P0007,Groceries,West,25,25,0,28.45,20,Snowy,1,31.2,Winter,0,170,0.0
2022-02-16,S003,P0008,Clothing,East,42,42,0,118.5,10,Snowy,0,111.4,Winter,0,120,0.0
2022-02-17,S001,P0014,Groceries,North,45,6,0,51.42,5,Cloudy,0,46.83,Winter,0,9,-2005.38
2022-02-17,S002,P0016,Clothing,South,33,33,0,102.93,10,Sunny,0,90.1,Winter,0,163,0.0
2022-02-17,S003,P0001,Toys,East,14,14,0,14.81,10,Snowy,1,13.37,Winter,0,74,0.0
2022-02-18,S004,P0002,Groceries,West,27,27,0,20.46,5,Sunny,0,18.66,Winter,0,100,0.0
2022-02-18,S004,P0006,Groceries,West,6,6,0,37.44,10,Sunny,0,43.79,Winter,0,140,0.0
2022-02-19,S002,P0020,Furniture,South,31,31,0,124.49,10,Cloudy,0,121.76,Winter,0,78,0.0
2022-02-19,S005,P0019,Furniture,North,36,36,0,127.62,10,Sunny,0,153.51,Winter,0,79,0.0
2022-02-20,S001,P0017,Toys,North,33,33,271,28.57,20,Sunny,1,30.31,Winter,0,266,0.0
2022-02-20,S003,P0001,Toys,East,9,9,0,17.73,0,Snowy,0,17.17,Winter,0,95,0.0
2022-02-21,S002,P0017,Toys,South,42,42,437,27.39,0,Cloudy,0,24.98,Winter,0,167,0.0
2022-02-22,S001,P0004,Electronics,North,38,38,0,104.59,5,Sunny,0,114.1,Winter,0,101,0.0
2022-02-22,S003,P0008,Clothing,East,23,23,276,120.64,5,Sunny,0,140.41,Winter,0,125,0.0
2022-02-23,S004,P0016,Furniture,West,41,41,0,135.84,5,Sunny,0,124.24,Winter,0,117,0.0
2022-02-23,S004,P0020,Furniture,West,8,8,0,131.3,0,Sunny,0,118.22,Winter,0,61,0.0
2022-02-23,S005,P0005,Groceries,North,38,38,0,15.28,10,Sunny,1,13.12,Winter,0,94,0.0
2022-02-24,S004,P0008,Furniture,West,49,49,67,101.13,0,Cloudy,0,108.29,Winter,0,82,0.0
2022-02-24,S004,P0011,Clothing,West,37,37,664,69.61,10,Cloudy,1,80.29,Winter,0,184,0.0
2022-02-25,S001,P0017,Toys,North,49,49,96,19.47,10,Snowy,0,22.33,Winter,0,80,0.0
2022-02-25,S004,P0012,Electronics,West,47,47,127,107.77,20,Snowy,1,96.56,Winter,0,128,0.0
2022-02-26,S003,P0020,Clothing,East,28,28,0,75.6,5,Cloudy,0,72.54,Winter,0,100,0.0
2022-02-27,S001,P0017,Toys,North,45,45,102,20.73,15,Sunny,1,19.64,Winter,0,100,0.0
2022-02-27,S001,P0020,Furniture,North,38,38,0,139.7,0,Sunny,0,162.05,Winter,0,123,0.0
2022-03-01,S001,P0016,Groceries,North,31,31,0,37.88,5,Sunny,0,40.92,Spring,0,106,0.0
2022-03-02,S004,P0010,Groceries,West,3,3,0,22.67,20,Cloudy,1,25.29,Spring,0,126,0.0
2022-03-02,S005,P0015,Groceries,North,25,25,0,53.83,5,Cloudy,0,49.84,Spring,0,120,0.0
2022-03-03,S004,P0020,Furniture,West,14,14,212,157.39,0,Rainy,0,152.11,Spring,0,114,0.0
2022-03-06,S002,P0003,Groceries,South,37,37,0,115.49,0,Rainy,0,100.29,Spring,0,205,0.0
2022-03-06,S005,P0001,Groceries,North,26,26,0,8.0,25,Rainy,1,7.99,Spring,0,51,0.0
2022-03-09,S001,P0008,Electronics,North,46,46,141,46.84,10,Rainy,0,42.64,Spring,0,125,0.0
2022-03-09,S005,P0002,Electronics,North,9,9,0,36.2,5,Rainy,0,40.53,Spring,0,71,0.0
2022-03-12,S002,P0008,Groceries,South,47,37,60,20.29,10,Sunny,0,23.47,Spring,0,60,-202.89999999999998
2022-03-12,S005,P0018,Clothing,North,36,36,140,21.29,10,Sunny,0,25.35,Spring,0,121,0.0
2022-03-13,S001,P0007,Groceries,North,47,47,422,26.84,5,Sunny,0,23.77,Spring,0,122,0.0
2022-03-13,S005,P0001,Groceries,North,34,34,0,11.09,20,Sunny,1,12.64,Spring,0,144,0.0
2022-03-13,S005,P0010,Groceries,North,28,28,0,53.56,10,Sunny,0,48.05,Spring,0,82,0.0
2022-03-13,S005,P0015,Groceries,North,14,14,264,55.73,0,Sunny,0,61.14,Spring,0,132,0.0
2022-03-14,S001,P0019,Furniture,North,36,36,79,104.22,10,Cloudy,0,123.45,Spring,0,82,0.0
2022-03-14,S004,P0002,Groceries,West,15,15,0,23.04,5,Cloudy,0,20.46,Spring,0,139,0.0
2022-03-17,S002,P0014,Electronics,South,16,16,0,146.33,15,Cloudy,1,170.24,Spring,0,209,0.0
2022-03-18,S004,P0009,Clothing,West,16,16,0,111.38,10,Rainy,0,102.75,Spring,0,101,0.0
2022-03-19,S002,P0013,Groceries,South,34,34,0,18.35,10,Rainy,0,20.85,Spring,0,73,0.0
2022-03-21,S005,P0007,Groceries,North,49,49,0,84.56,25,Sunny,1,79.58,Spring,0,190,0.0
2022-03-22,S004,P0020,Furniture,West,45,45,0,113.18,20,Rainy,1,105.94,Spring,0,82,0.0
2022-03-23,S001,P0005,Groceries,North,48,48,432,60.71,10,Sunny,0,59.11,Spring,0,123,0.0
2022-03-23,S001,P0008,Electronics,North,46,21,50,34.8,5,Sunny,0,34.58,Spring,0,28,-869.9999999999999
2022-03-23,S004,P0001,Groceries,West,46,46,0,11.07,5,Rainy,0,12.21,Spring,0,113,0.0
2022-03-24,S002,P0001,Groceries,South,3,3,0,82.64,5,Rainy,0,94.46,Spring,0,120,0.0
2022-03-25,S003,P0018,Furniture,East,12,12,0,149.7,15,Cloudy,1,171.82,Spring,0,161,0.0
2022-03-27,S004,P0016,Furniture,West,26,26,0,110.44,10,Rainy,1,95.83,Spring,0,71,0.0
2022-03-29,S001,P0012,Groceries,North,39,39,0,90.32,10,Sunny,0,85.25,Spring,0,144,0.0
2022-03-30,S005,P0018,Clothing,North,37,37,104,23.56,0,Cloudy,0,21.14,Spring,0,103,0.0
2022-04-02,S002,P0003,Groceries,South,33,33,0,54.31,25,Sunny,1,63.24,Spring,0,66,0.0
2022-04-02,S004,P0004,Groceries,West,4,4,0,51.68,5,Rainy,0,50.93,Spring,0,86,0.0
2022-04-03,S003,P0001,Toys,East,8,8,297,15.86,20,Cloudy,1,15.09,Spring,0,131,0.0
2022-04-03,S003,P0005,Toys,East,46,46,656,27.65,10,Cloudy,1,23.54,Spring,0,181,0.0
2022-04-03,S005,P0016,Toys,North,47,47,0,39.37,0,Cloudy,0,43.47,Spring,0,132,0.0
2022-04-04,S004,P0009,Clothing,West,36,36,0,95.27,10,Cloudy,0,81.54,Spring,0,57,0.0
2022-04-05,S004,P0005,Clothing,West,48,43,50,61.01,0,Rainy,0,68.38,Spring,0,46,-305.05
2022-04-06,S002,P0011,Groceries,South,37,37,706,103.55,25,Cloudy,1,91.55,Spring,0,212,0.0
2022-04-06,S002,P0016,Clothing,South,31,31,277,101.57,0,Cloudy,0,88.77,Spring,0,122,0.0
2022-04-07,S002,P0013,Groceries,South,8,8,424,25.22,0,Rainy,0,29.79,Spring,0,139,0.0
2022-04-07,S004,P0020,Furniture,West,44,44,0,114.14,25,Cloudy,1,100.1,Spring,0,103,0.0
2022-04-07,S005,P0009,Groceries,North,32,32,0,101.22,0,Sunny,0,99.07,Spring,0,99,0.0
2022-04-09,S002,P0010,Groceries,South,44,44,128,101.72,0,Sunny,0,87.44,Spring,0,125,0.0
2022-04-09,S005,P0016,Toys,North,15,15,0,30.13,5,Cloudy,0,26.56,Spring,0,53,0.0
2022-04-10,S001,P0008,Electronics,North,37,37,71,37.83,10,Rainy,0,42.75,Spring,0,76,0.0
2022-04-11,S001,P0019,Furniture,North,44,44,120,111.87,20,Cloudy,1,128.63,Spring,0,141,0.0
2022-04-11,S004,P0020,Furniture,West,27,27,155,141.39,0,Sunny,0,137.16,Spring,0,81,0.0
2022-04-13,S004,P0001,Groceries,West,40,40,0,12.32,5,Sunny,0,13.05,Spring,0,149,0.0
2022-04-13,S005,P0006,Groceries,North,19,19,0,59.74,20,Sunny,1,64.62,Spring,0,175,0.0
2022-04-14,S001,P0006,Toys,North,41,41,0,43.34,10,Sunny,0,49.37,Spring,0,147,0.0
2022-04-14,S002,P0016,Clothing,South,9,9,0,84.44,10,Rainy,0,72.07,Spring,0,97,0.0
2022-04-14,S004,P0010,Groceries,West,12,12,0,21.42,15,Rainy,1,24.53,Spring,0,89,0.0
2022-04-15,S004,P0020,Furniture,West,42,42,0,139.88,0,Sunny,0,125.54,Spring,0,78,0.0
2022-04-15,S005,P0010,Groceries,North,31,31,0,62.55,5,Sunny,0,62.31,Spring,0,112,0.0
2022-04-16,S003,P0020,Clothing,East,5,5,0,76.97,0,Cloudy,0,76.92,Spring,0,90,0.0
2022-04-16,S005,P0016,Toys,North,23,23,0,28.09,20,Rainy,1,32.33,Spring,0,96,0.0
2022-04-17,S004,P0014,Furniture,West,24,24,0,160.05,5,Sunny,0,185.31,Spring,0,76,0.0
2022-04-19,S002,P0014,Electronics,South,27,27,0,152.92,0,Cloudy,0,145.24,Spring,0,144,0.0
2022-04-22,S004,P0005,Clothing,West,49,49,165,75.39,10,Sunny,1,86.75,Spring,0,140,0.0
2022-04-22,S004,P0014,Furniture,West,42,42,0,165.77,0,Sunny,0,181.1,Spring,0,71,0.0
2022-04-22,S005,P0012,Furniture,North,10,10,0,130.05,5,Rainy,0,150.11,Spring,0,91,0.0
2022-04-23,S002,P0020,Furniture,South,33,31,0,116.77,5,Cloudy,0,107.45,Spring,1,47,-233.54
2022-04-23,S004,P0002,Groceries,West,49,49,0,14.28,20,Sunny,1,15.28,Spring,1,61,0.0
2022-04-27,S004,P0013,Groceries,West,17,17,247,14.99,25,Sunny,1,16.17,Spring,1,90,0.0
2022-04-27,S005,P0001,Groceries,North,46,46,0,10.39,5,Rainy,0,10.15,Spring,1,57,0.0
2022-04-29,S004,P0020,Furniture,West,32,32,0,111.28,10,Rainy,0,98.59,Spring,1,45,0.0
2022-04-30,S002,P0011,Groceries,South,42,42,0,82.61,5,Sunny,0,74.66,Spring,1,58,0.0
2022-05-01,S002,P0003,Groceries,South,39,39,0,51.28,25,Sunny,1,59.03,Spring,1,51,0.0
2022-05-01,S003,P0002,Groceries,East,30,30,0,42.71,20,Rainy,1,50.96,Spring,1,82,0.0
2022-05-02,S003,P0016,Electronics,East,33,33,100,78.61,10,Sunny,1,93.51,Spring,1,57,0.0
2022-05-02,S004,P0014,Furniture,West,45,20,0,123.54,10,Rainy,0,134.2,Spring,1,24,-3088.5
2022-05-02,S005,P0001,Groceries,North,13,13,0,11.77,0,Rainy,0,10.82,Spring,1,77,0.0
2022-05-03,S001,P0017,Toys,North,48,23,50,13.25,25,Sunny,1,14.76,Spring,1,28,-331.25
2022-05-03,S003,P0001,Toys,East,46,10,0,11.44,10,Cloudy,1,11.3,Spring,1,10,-411.84
2022-05-04,S001,P0008,Electronics,North,37,37,50,39.95,0,Cloudy,0,36.92,Spring,1,49,0.0
2022-05-04,S001,P0016,Groceries,North,48,37,0,25.27,20,Cloudy,1,27.13,Spring,1,42,-277.96999999999997
2022-05-04,S002,P0014,Electronics,South,36,36,0,104.81,15,Sunny,1,90.39,Spring,1,77,0.0
2022-05-04,S002,P0020,Furniture,South,37,17,0,104.77,5,Sunny,0,103.98,Spring,1,21,-2095.4
2022-05-04,S005,P0005,Groceries,North,33,33,214,15.82,10,Cloudy,0,15.35,Spring,1,105,0.0
2022-05-05,S001,P0017,Toys,North,45,45,50,19.15,0,Cloudy,0,21.75,Spring,1,47,0.0
2022-05-05,S004,P0016,Furniture,West,30,21,0,99.48,0,Rainy,0,95.49,Spring,1,19,-895.32
2022-05-08,S001,P0008,Electronics,North,32,27,50,33.52,10,Rainy,0,32.72,Spring,1,31,-167.60000000000002
2022-05-08,S002,P0003,Groceries,South,38,38,0,64.89,10,Cloudy,0,77.77,Spring,1,65,0.0
2022-05-08,S002,P0016,Clothing,South,32,32,278,78.93,20,Cloudy,1,90.89,Spring,1,129,0.0
2022-05-08,S003,P0015,Groceries,East,35,35,0,97.17,0,Sunny,0,82.65,Spring,1,80,0.0
2022-05-08,S004,P0007,Groceries,West,19,19,0,25.75,15,Cloudy,1,29.17,Spring,1,114,0.0
2022-05-09,S004,P0010,Groceries,West,9,9,0,26.27,5,Sunny,0,25.51,Spring,1,102,0.0
2022-05-11,S004,P0016,Furniture,West,40,29,0,97.12,5,Cloudy,0,114.18,Spring,1,37,-1068.3200000000002
2022-05-12,S005,P0018,Clothing,North,35,35,107,20.14,10,Rainy,0,22.89,Spring,1,103,0.0
2022-05-13,S001,P0008,Electronics,North,49,49,62,35.26,15,Sunny,1,32.17,Spring,1,58,0.0
2022-05-13,S003,P0015,Groceries,East,29,29,0,84.21,20,Rainy,1,72.9,Spring,1,104,0.0
2022-05-13,S004,P0020,Furniture,West,37,31,0,97.2,15,Rainy,1,85.68,Spring,1,27,-583.2
2022-05-14,S003,P0001,Toys,East,38,21,0,10.07,25,Rainy,1,12.03,Spring,1,35,-171.19
2022-05-14,S005,P0001,Groceries,North,30,30,173,10.82,15,Rainy,1,10.6,Spring,1,100,0.0
2022-05-15,S001,P0004,Electronics,North,33,33,0,86.68,10,Cloudy,1,95.0,Spring,1,62,0.0
2022-05-15,S001,P0017,Toys,North,38,14,50,14.5,15,Cloudy,1,16.98,Spring,1,20,-348.0
2022-05-15,S004,P0009,Clothing,West,44,44,0,112.93,5,Sunny,0,109.23,Spring,1,89,0.0
2022-05-16,S002,P0011,Groceries,South,13,13,0,96.33,5,Sunny,0,111.29,Spring,1,117,0.0
2022-05-17,S004,P0016,Furniture,West,49,44,0,89.88,20,Sunny,1,87.48,Spring,1,48,-449.4
2022-05-18,S001,P0006,Toys,North,43,36,0,32.27,10,Cloudy,1,37.46,Spring,1,57,-225.89000000000001
2022-05-18,S001,P0016,Groceries,North,7,7,0,38.35,10,Cloudy,1,36.97,Spring,1,111,0.0
2022-05-18,S005,P0001,Groceries,North,32,32,0,9.89,0,Cloudy,0,11.91,Spring,1,44,0.0
2022-05-18,S005,P0013,Groceries,North,47,37,0,48.32,25,Cloudy,1,54.5,Spring,1,57,-483.2
2022-05-19,S001,P0006,Toys,North,7,7,279,34.91,10,Cloudy,1,38.26,Spring,1,78,0.0
2022-05-19,S001,P0017,Toys,North,43,16,50,16.12,10,Cloudy,0,14.72,Spring,1,19,-435.24
2022-05-20,S002,P0008,Groceries,South,41,41,62,22.19,10,Cloudy,1,20.58,Spring,1,70,0.0
2022-05-20,S005,P0016,Toys,North,39,39,0,31.9,0,Cloudy,0,28.78,Spring,1,55,0.0
2022-05-21,S001,P0012,Groceries,North,44,44,0,73.77,0,Rainy,0,65.69,Spring,1,52,0.0
2022-05-21,S004,P0011,Clothing,West,25,25,0,53.58,0,Cloudy,0,57.12,Spring,1,65,0.0
2022-05-22,S002,P0003,Groceries,South,11,11,0,76.99,0,Sunny,0,84.63,Spring,1,83,0.0
2022-05-22,S004,P0002,Groceries,West,36,36,157,17.93,10,Sunny,0,19.78,Spring,1,92,0.0
2022-05-23,S003,P0004,Groceries,East,20,20,477,26.54,5,Cloudy,0,22.92,Spring,1,143,0.0
2022-05-23,S003,P0013,Groceries,East,39,39,0,71.04,10,Cloudy,1,68.2,Spring,1,107,0.0
2022-05-23,S004,P0020,Furniture,West,47,35,87,113.43,0,Rainy,0,129.28,Spring,1,37,-1361.16
2022-05-24,S005,P0002,Electronics,North,48,39,192,32.61,15,Rainy,1,32.59,Spring,1,59,-293.49
2022-05-25,S004,P0016,Furniture,West,32,27,0,81.45,25,Cloudy,1,80.38,Spring,1,39,-407.25
2022-05-26,S005,P0019,Furniture,North,40,40,141,126.29,5,Rainy,0,144.69,Spring,0,61,0.0
2022-05-27,S002,P0001,Groceries,South,37,37,0,82.8,10,Cloudy,0,96.4,Spring,0,139,0.0
2022-05-27,S003,P0012,Furniture,East,42,42,0,95.44,0,Cloudy,0,84.38,Spring,0,52,0.0
2022-05-27,S004,P0002,Groceries,West,17,17,0,17.34,25,Sunny,1,17.18,Spring,0,123,0.0
2022-05-27,S004,P0020,Furniture,West,13,13,223,113.12,25,Sunny,1,127.86,Spring,0,117,0.0
2022-05-28,S004,P0016,Furniture,West,42,42,224,100.61,20,Sunny,1,88.37,Spring,0,78,0.0
2022-05-29,S001,P0010,Furniture,North,14,14,0,123.62,5,Cloudy,0,142.78,Spring,0,79,0.0
2022-05-29,S001,P0020,Furniture,North,36,36,0,128.84,5,Cloudy,0,115.82,Spring,0,97,0.0
2022-05-29,S003,P0005,Toys,East,43,43,0,23.36,10,Sunny,0,25.54,Spring,0,138,0.0
2022-05-29,S005,P0002,Electronics,North,36,36,0,36.78,10,Cloudy,0,36.55,Spring,0,76,0.0
2022-05-30,S003,P0001,Toys,East,21,21,281,20.94,0,Cloudy,0,20.61,Spring,0,150,0.0
2022-06-02,S001,P0016,Groceries,North,49,49,717,49.64,10,Sunny,0,55.2,Summer,0,226,0.0
2022-06-02,S003,P0009,Groceries,East,49,49,130,56.34,10,Rainy,0,54.67,Summer,0,127,0.0
2022-06-03,S003,P0002,Groceries,East,19,19,515,54.02,25,Sunny,1,58.21,Summer,0,183,0.0
2022-06-03,S005,P0009,Groceries,North,15,15,768,114.62,20,Sunny,1,111.18,Summer,0,225,0.0
2022-06-04,S002,P0009,Groceries,South,17,17,0,64.36,5,Rainy,0,68.21,Summer,0,124,0.0
2022-06-04,S004,P0007,Groceries,West,23,23,1072,39.49,10,Sunny,1,45.65,Summer,0,258,0.0
2022-06-04,S004,P0008,Furniture,West,44,44,113,102.04,15,Sunny,1,120.35,Summer,0,135,0.0
2022-06-04,S005,P0019,Furniture,North,35,35,0,161.86,0,Cloudy,0,144.92,Summer,0,103,0.0
2022-06-05,S003,P0018,Furniture,East,46,46,0,134.03,5,Cloudy,0,127.85,Summer,0,73,0.0
2022-06-05,S005,P0001,Groceries,North,22,22,0,14.04,0,Rainy,0,13.65,Summer,0,131,0.0
2022-06-07,S005,P0007,Groceries,North,34,34,0,83.2,5,Rainy,0,98.96,Summer,0,118,0.0
2022-06-09,S004,P0016,Furniture,West,37,37,0,134.11,5,Cloudy,0,115.44,Summer,0,112,0.0
2022-06-10,S001,P0017,Toys,North,28,28,116,23.89,5,Cloudy,0,22.05,Summer,0,110,0.0
2022-06-10,S002,P0006,Clothing,South,41,41,92,64.17,5,Sunny,0,58.15,Summer,0,89,0.0
2022-06-10,S002,P0007,Toys,South,45,45,0,28.28,0,Sunny,0,24.34,Summer,0,78,0.0
2022-06-11,S003,P0001,Toys,East,27,27,226,17.49,5,Sunny,0,19.35,Summer,0,123,0.0
2022-06-12,S004,P0006,Groceries,West,36,36,0,40.29,10,Rainy,0,40.25,Summer,0,147,0.0
2022-06-12,S004,P0009,Clothing,West,49,49,0,110.26,5,Rainy,0,128.71,Summer,0,97,0.0
2022-06-17,S004,P0003,Furniture,West,31,31,0,131.98,5,Rainy,0,113.61,Summer,0,59,0.0
2022-06-18,S005,P0019,Furniture,North,36,36,0,143.08,0,Rainy,0,166.63,Summer,0,82,0.0
2022-06-19,S002,P0015,Clothing,South,3,3,0,67.27,0,Cloudy,0,66.57,Summer,0,75,0.0
2022-06-20,S002,P0004,Groceries,South,15,15,0,43.96,10,Cloudy,1,47.74,Summer,0,146,0.0
2022-06-20,S003,P0009,Groceries,East,37,37,115,51.97,10,Cloudy,0,62.13,Summer,0,118,0.0
2022-06-21,S001,P0016,Groceries,North,23,23,0,57.81,15,Sunny,1,52.31,Summer,0,299,0.0
2022-06-21,S002,P0013,Groceries,South,33,7,0,14.09,10,Cloudy,0,17.02,Summer,0,9,-366.34
2022-06-21,S002,P0014,Electronics,South,25,25,447,134.45,5,Cloudy,0,133.54,Summer,0,118,0.0
2022-06-22,S005,P0019,Furniture,North,23,23,163,124.47,10,Sunny,0,149.59,Summer,0,72,0.0
2022-06-24,S001,P0008,Electronics,North,49,49,122,44.51,5,Rainy,0,48.12,Summer,0,108,0.0
2022-06-24,S002,P0020,Furniture,South,30,30,0,113.86,20,Sunny,1,112.54,Summer,0,86,0.0
2022-06-24,S004,P0016,Furniture,West,22,22,336,104.2,20,Sunny,1,114.1,Summer,0,103,0.0
2022-06-25,S002,P0016,Clothing,South,49,49,0,89.77,0,Cloudy,0,80.16,Summer,0,84,0.0
2022-06-25,S004,P0006,Groceries,West,10,10,0,37.4,10,Rainy,0,36.1,Summer,0,122,0.0
2022-06-25,S004,P0012,Electronics,West,45,45,96,112.42,10,Rainy,1,112.38,Summer,0,104,0.0
2022-06-26,S003,P0014,Groceries,East,11,11,550,99.69,20,Cloudy,1,118.34,Summer,0,192,0.0
2022-06-26,S004,P0014,Furniture,West,38,38,0,156.96,10,Sunny,1,183.43,Summer,0,86,0.0
2022-06-27,S001,P0004,Electronics,North,16,16,0,91.1,15,Rainy,1,86.78,Summer,0,78,0.0
2022-06-27,S002,P0002,Toys,South,37,37,0,30.0,10,Sunny,0,33.07,Summer,0,97,0.0
2022-06-28,S002,P0009,Groceries,South,45,45,418,81.28,0,Sunny,0,95.6,Summer,0,190,0.0
2022-06-28,S003,P0017,Furniture,East,16,16,0,90.88,15,Cloudy,1,101.75,Summer,0,41,0.0
2022-06-29,S002,P0016,Clothing,South,35,29,0,61.71,10,Sunny,0,69.5,Summer,1,27,-370.26
2022-06-29,S004,P0020,Furniture,West,41,14,0,102.59,5,Rainy,0,97.46,Summer,1,14,-2769.9300000000003
2022-06-30,S005,P0010,Groceries,North,41,41,0,46.29,10,Rainy,0,41.27,Summer,1,43,0.0
2022-07-01,S001,P0017,Toys,North,47,32,50,17.8,5,Cloudy,0,21.0,Summer,1,42,-267.0
2022-07-01,S003,P0020,Clothing,East,35,35,0,74.33,10,Rainy,1,85.62,Summer,1,129,0.0
2022-07-02,S001,P0008,Electronics,North,35,34,62,30.58,25,Rainy,1,28.46,Summer,1,54,-30.58
2022-07-06,S001,P0017,Toys,North,39,24,50,18.02,0,Rainy,0,19.97,Summer,1,33,-270.3
2022-07-08,S001,P0017,Toys,North,43,13,50,15.65,10,Sunny,0,14.46,Summer,1,13,-469.5
2022-07-08,S004,P0016,Furniture,West,38,38,195,103.46,10,Cloudy,1,120.59,Summer,1,67,0.0
2022-07-10,S001,P0006,Toys,North,38,32,159,29.44,15,Cloudy,1,32.47,Summer,1,48,-176.64000000000001
2022-07-11,S002,P0004,Groceries,South,21,21,0,34.22,5,Rainy,0,37.84,Summer,1,54,0.0
2022-07-11,S003,P0013,Groceries,East,21,21,0,69.13,25,Cloudy,1,66.43,Summer,1,159,0.0
2022-07-12,S005,P0019,Furniture,North,49,49,124,106.76,20,Sunny,1,123.33,Summer,1,62,0.0
2022-07-13,S001,P0004,Electronics,North,31,15,0,79.36,5,Sunny,0,71.36,Summer,1,15,-1269.76
2022-07-14,S005,P0010,Groceries,North,16,16,0,52.55,10,Cloudy,0,62.6,Summer,1,91,0.0
2022-07-15,S003,P0015,Groceries,East,25,25,0,97.64,0,Rainy,0,108.09,Summer,1,97,0.0
2022-07-16,S002,P0001,Groceries,South,26,26,0,65.97,15,Cloudy,1,79.08,Summer,1,85,0.0
2022-07-17,S001,P0004,Electronics,North,25,25,0,74.5,20,Cloudy,1,84.03,Summer,1,54,0.0
2022-07-18,S004,P0001,Groceries,West,32,32,0,9.44,0,Sunny,0,11.1,Summer,1,53,0.0
2022-07-18,S004,P0012,Electronics,West,42,42,74,111.49,0,Sunny,0,105.65,Summer,1,71,0.0
2022-07-18,S005,P0013,Groceries,North,47,47,0,68.95,5,Rainy,0,62.33,Summer,1,76,0.0
2022-07-19,S001,P0017,Toys,North,38,22,50,16.59,10,Cloudy,0,14.84,Summer,1,26,-265.44
2022-07-20,S001,P0006,Toys,North,39,3,0,30.15,0,Rainy,0,30.07,Summer,1,4,-1085.3999999999999
2022-07-20,S005,P0016,Toys,North,24,15,0,23.24,10,Rainy,0,25.24,Summer,1,16,-209.16
2022-07-21,S001,P0016,Groceries,North,40,40,0,37.05,15,Rainy,1,41.56,Summer,1,135,0.0
2022-07-22,S004,P0006,Groceries,West,32,32,0,28.65,10,Cloudy,0,33.34,Summer,1,59,0.0
2022-07-23,S002,P0013,Groceries,South,43,43,438,20.56,25,Sunny,1,18.93,Summer,1,151,0.0
2022-07-23,S003,P0015,Groceries,East,3,3,0,85.45,25,Cloudy,1,82.72,Summer,1,129,0.0
2022-07-23,S004,P0007,Groceries,West,45,45,704,33.46,0,Sunny,0,38.4,Summer,1,148,0.0
2022-07-23,S004,P0020,Furniture,West,31,31,92,95.81,25,Sunny,1,87.26,Summer,1,54,0.0
2022-07-24,S001,P0004,Electronics,North,39,39,0,78.1,25,Rainy,1,89.36,Summer,1,84,0.0
2022-07-24,S002,P0014,Electronics,South,35,35,0,98.78,10,Rainy,1,87.78,Summer,1,46,0.0
2022-07-24,S004,P0006,Groceries,West,36,36,0,28.8,15,Rainy,1,27.22,Summer,1,62,0.0
2022-07-24,S005,P0009,Groceries,North,4,4,556,98.05,20,Rainy,1,88.88,Summer,1,163,0.0
2022-07-24,S005,P0013,Groceries,North,19,19,0,72.67,0,Rainy,0,79.7,Summer,1,91,0.0
2022-07-25,S002,P0004,Groceries,South,36,36,0,42.83,5,Cloudy,0,37.44,Summer,0,102,0.0
2022-07-25,S002,P0020,Furniture,South,34,34,0,120.57,0,Cloudy,0,104.47,Summer,0,42,0.0
2022-07-25,S004,P0012,Electronics,West,42,42,149,127.78,5,Sunny,0,137.65,Summer,0,145,0.0
2022-07-26,S002,P0002,Toys,South,44,44,0,32.34,5,Rainy,0,28.53,Summer,0,88,0.0
2022-07-26,S003,P0012,Furniture,East,41,41,140,90.86,10,Sunny,1,106.38,Summer,0,81,0.0
2022-07-26,S003,P0016,Electronics,East,37,37,433,109.45,20,Sunny,1,96.26,Summer,0,184,0.0
2022-07-26,S004,P0013,Groceries,West,24,24,0,29.02,15,Sunny,1,27.78,Summer,0,273,0.0
2022-07-26,S004,P0014,Furniture,West,47,47,0,167.92,5,Sunny,0,162.09,Summer,0,75,0.0
2022-07-26,S005,P0016,Toys,North,31,31,0,23.12,25,Sunny,1,26.72,Summer,0,59,0.0
2022-07-27,S003,P0013,Groceries,East,18,18,0,76.02,10,Rainy,1,91.01,Summer,0,146,0.0
2022-07-27,S004,P0016,Furniture,West,19,19,0,109.38,10,Cloudy,0,98.18,Summer,0,68,0.0
2022-07-28,S002,P0003,Groceries,South,40,40,0,110.73,0,Sunny,0,127.72,Summer,0,209,0.0
2022-07-28,S004,P0005,Clothing,West,41,41,87,57.78,20,Sunny,1,63.42,Summer,0,92,0.0
2022-07-28,S005,P0012,Furniture,North,28,28,0,111.32,25,Sunny,1,105.57,Summer,0,100,0.0
2022-07-28,S005,P0014,Furniture,North,12,12,0,155.03,10,Sunny,0,138.04,Summer,0,71,0.0
2022-07-28,S005,P0018,Clothing,North,37,37,113,23.84,10,Sunny,0,22.41,Summer,0,142,0.0
2022-07-29,S002,P0012,Electronics,South,43,43,0,59.17,10,Rainy,0,51.02,Summer,0,67,0.0
2022-07-29,S005,P0015,Groceries,North,17,17,385,58.43,10,Rainy,0,55.89,Summer,0,168,0.0
2022-08-02,S001,P0008,Electronics,North,43,43,63,42.82,0,Rainy,0,41.8,Summer,0,67,0.0
2022-08-03,S005,P0019,Furniture,North,44,44,446,159.11,20,Sunny,1,168.56,Summer,0,194,0.0
2022-08-04,S003,P0007,Groceries,East,22,22,0,18.33,0,Rainy,0,16.43,Summer,0,119,0.0
2022-08-04,S004,P0020,Furniture,West,48,48,0,109.92,15,Rainy,1,122.7,Summer,0,71,0.0
2022-08-05,S002,P0020,Furniture,South,29,29,367,130.49,15,Cloudy,1,149.69,Summer,0,126,0.0
2022-08-06,S001,P0006,Toys,North,47,47,0,42.32,5,Sunny,0,38.91,Summer,0,104,0.0
2022-08-06,S003,P0020,Clothing,East,49,49,0,81.79,0,Rainy,0,75.61,Summer,0,109,0.0
2022-08-07,S001,P0004,Electronics,North,29,29,0,89.59,25,Cloudy,1,106.73,Summer,0,127,0.0
2022-08-07,S004,P0004,Groceries,West,38,38,644,61.3,20,Cloudy,1,69.74,Summer,0,227,0.0
2022-08-07,S004,P0016,Furniture,West,38,38,0,106.81,10,Cloudy,0,94.92,Summer,0,62,0.0
2022-08-08,S002,P0016,Clothing,South,49,49,0,82.82,20,Rainy,1,72.5,Summer,0,128,0.0
2022-08-08,S003,P0015,Groceries,East,21,21,0,117.69,5,Cloudy,0,109.87,Summer,0,159,0.0
2022-08-09,S001,P0017,Toys,North,43,43,64,20.23,10,Sunny,0,19.4,Summer,0,77,0.0
2022-08-09,S003,P0008,Clothing,East,14,14,0,104.83,0,Rainy,0,97.54,Summer,0,54,0.0
2022-08-10,S001,P0007,Groceries,North,48,48,0,18.3,25,Rainy,1,19.3,Summer,0,93,0.0
2022-08-10,S002,P0006,Clothing,South,46,46,108,67.19,0,Cloudy,0,74.72,Summer,0,102,0.0
2022-08-10,S003,P0004,Groceries,East,20,20,0,18.67,20,Rainy,1,20.53,Summer,0,101,0.0
2022-08-11,S004,P0009,Clothing,West,7,7,441,108.38,15,Rainy,1,120.71,Summer,0,127,0.0
2022-08-13,S002,P0001,Groceries,South,33,33,0,81.6,10,Rainy,0,81.38,Summer,0,117,0.0
2022-08-15,S004,P0020,Furniture,West,43,43,0,127.4,10,Rainy,1,116.0,Summer,0,82,0.0
2022-08-16,S003,P0002,Groceries,East,23,23,0,52.12,20,Rainy,1,45.63,Summer,0,128,0.0
2022-08-17,S003,P0001,Toys,East,9,9,357,21.85,0,Cloudy,0,20.95,Summer,0,165,0.0
2022-08-17,S003,P0011,Electronics,East,33,33,0,93.81,25,Cloudy,1,83.15,Summer,0,83,0.0
2022-08-17,S004,P0013,Groceries,West,34,34,0,27.82,0,Cloudy,0,23.77,Summer,0,184,0.0
2022-08-18,S002,P0005,Electronics,South,19,19,0,92.81,5,Sunny,0,104.86,Summer,0,112,0.0
2022-08-18,S002,P0020,Furniture,South,12,12,0,142.67,0,Sunny,0,125.74,Summer,0,87,0.0
2022-08-18,S005,P0012,Furniture,North,34,34,0,131.96,5,Sunny,0,128.96,Summer,0,80,0.0
2022-08-18,S005,P0015,Groceries,North,13,13,0,52.63,25,Sunny,1,63.2,Summer,0,219,0.0
2022-08-19,S003,P0015,Groceries,East,33,33,0,87.96,10,Cloudy,0,96.92,Summer,0,97,0.0
2022-08-19,S005,P0019,Furniture,North,27,27,289,139.92,20,Rainy,1,160.75,Summer,0,145,0.0
2022-08-20,S004,P0020,Furniture,West,6,6,0,119.6,10,Rainy,0,138.35,Summer,0,78,0.0
2022-08-24,S002,P0017,Toys,South,41,41,0,16.45,20,Cloudy,1,17.42,Summer,0,89,0.0
2022-08-24,S004,P0001,Groceries,West,36,36,0,14.45,5,Sunny,0,12.87,Summer,0,189,0.0
2022-08-25,S002,P0016,Clothing,South,10,10,0,72.81,20,Sunny,1,83.08,Summer,0,103,0.0
2022-08-25,S004,P0011,Clothing,West,19,19,0,57.09,10,Rainy,0,53.48,Summer,0,98,0.0
2022-08-26,S004,P0016,Furniture,West,33,33,0,116.34,10,Cloudy,0,125.53,Summer,0,101,0.0
2022-08-27,S002,P0006,Clothing,South,43,43,112,65.89,0,Cloudy,0,76.92,Summer,0,96,0.0
2022-08-27,S005,P0010,Groceries,North,42,42,0,69.46,0,Sunny,0,81.26,Summer,0,147,0.0
2022-08-27,S005,P0019,Furniture,North,39,39,0,113.75,10,Sunny,0,125.28,Summer,0,48,0.0
2022-08-28,S002,P0015,Clothing,South,6,6,0,73.96,0,Sunny,0,63.0,Summer,0,103,0.0
2022-08-28,S004,P0013,Groceries,West,39,39,0,23.38,10,Sunny,1,20.19,Summer,0,159,0.0
2022-08-29,S001,P0008,Electronics,North,36,36,52,36.18,5,Cloudy,0,41.54,Summer,0,50,0.0
2022-08-29,S002,P0012,Electronics,South,48,48,0,77.55,5,Rainy,0,70.72,Summer,0,133,0.0
2022-08-30,S004,P0003,Furniture,West,44,44,0,153.43,0,Cloudy,0,173.98,Summer,0,102,0.0
2022-09-01,S002,P0004,Groceries,South,44,44,0,37.69,10,Cloudy,0,32.23,Autumn,0,81,0.0
2022-09-02,S003,P0005,Toys,East,14,14,408,21.63,10,Snowy,0,25.01,Autumn,0,113,0.0
2022-09-02,S004,P0016,Furniture,West,37,37,0,114.42,10,Sunny,0,122.93,Autumn,0,96,0.0
2022-09-02,S005,P0019,Furniture,North,23,23,240,154.76,5,Sunny,0,137.84,Autumn,0,105,0.0
2022-09-03,S004,P0014,Furniture,West,17,17,0,140.47,5,Rainy,0,148.45,Autumn,0,41,0.0
2022-09-04,S001,P0006,Toys,North,44,44,396,49.96,0,Cloudy,0,48.49,Autumn,0,142,0.0
2022-09-04,S002,P0003,Groceries,South,32,32,0,108.51,10,Cloudy,0,115.38,Autumn,0,246,0.0
2022-09-04,S002,P0013,Groceries,South,36,36,0,20.11,5,Cloudy,0,19.99,Autumn,0,70,0.0
2022-09-04,S002,P0019,Clothing,South,28,28,0,88.03,10,Cloudy,1,81.86,Autumn,0,114,0.0
2022-09-05,S001,P0012,Groceries,North,31,31,449,97.26,20,Snowy,1,86.93,Autumn,0,218,0.0
2022-09-05,S003,P0008,Clothing,East,29,29,0,122.86,0,Snowy,0,104.5,Autumn,0,98,0.0
2022-09-08,S001,P0017,Toys,North,31,31,157,21.25,20,Snowy,1,23.33,Autumn,0,145,0.0
2022-09-08,S004,P0015,Furniture,West,10,10,0,100.25,5,Sunny,0,94.42,Autumn,0,84,0.0
2022-09-11,S002,P0016,Clothing,South,17,17,0,86.07,5,Cloudy,0,85.06,Autumn,0,87,0.0
2022-09-11,S005,P0011,Electronics,North,33,33,529,92.71,5,Cloudy,0,87.84,Autumn,0,141,0.0
2022-09-12,S001,P0016,Groceries,North,35,35,0,36.51,5,Snowy,0,40.39,Autumn,0,95,0.0
2022-09-12,S003,P0015,Groceries,East,39,39,0,81.13,0,Rainy,0,92.72,Autumn,0,46,0.0
2022-09-13,S003,P0009,Groceries,East,37,37,122,64.66,0,Rainy,0,58.0,Autumn,0,138,0.0
2022-09-13,S003,P0016,Electronics,East,18,18,0,91.2,5,Rainy,0,84.7,Autumn,0,68,0.0
2022-09-14,S005,P0019,Furniture,North,33,33,0,114.45,20,Rainy,1,105.24,Autumn,0,67,0.0
2022-09-16,S001,P0014,Groceries,North,8,8,0,66.92,10,Snowy,0,63.93,Autumn,0,89,0.0
2022-09-16,S001,P0017,Toys,North,46,46,126,22.37,5,Snowy,0,25.01,Autumn,0,105,0.0
2022-09-16,S003,P0002,Groceries,East,26,26,0,71.59,5,Sunny,0,64.56,Autumn,0,180,0.0
2022-09-16,S003,P0018,Furniture,East,43,43,0,134.53,0,Sunny,0,143.23,Autumn,0,74,0.0
2022-09-16,S005,P0014,Furniture,North,35,35,341,189.46,0,Snowy,0,166.92,Autumn,0,99,0.0
2022-09-18,S003,P0020,Clothing,East,43,43,0,70.74,5,Cloudy,0,85.51,Autumn,0,96,0.0
2022-09-19,S001,P0006,Toys,North,46,46,0,34.86,10,Sunny,1,32.42,Autumn,0,64,0.0
2022-09-19,S002,P0018,Clothing,South,38,38,67,22.96,10,Snowy,1,24.82,Autumn,0,70,0.0
2022-09-19,S004,P0015,Furniture,West,38,38,0,101.64,5,Sunny,0,108.64,Autumn,0,103,0.0
2022-09-19,S005,P0013,Groceries,North,16,16,0,59.7,25,Sunny,1,64.87,Autumn,0,119,0.0
2022-09-19,S005,P0015,Groceries,North,44,44,0,45.91,5,Sunny,0,50.86,Autumn,0,87,0.0
2022-09-20,S002,P0003,Groceries,South,8,8,0,75.92,10,Sunny,0,73.65,Autumn,0,95,0.0
2022-09-21,S002,P0013,Groceries,South,49,49,0,24.11,0,Rainy,0,26.56,Autumn,0,124,0.0
2022-09-21,S003,P0004,Groceries,East,36,36,275,20.22,20,Rainy,1,17.8,Autumn,0,110,0.0
2022-09-22,S002,P0011,Groceries,South,21,21,0,102.76,5,Snowy,0,114.51,Autumn,0,139,0.0
2022-09-22,S004,P0006,Groceries,West,11,11,293,41.8,15,Snowy,1,39.51,Autumn,0,182,0.0
2022-09-23,S003,P0008,Clothing,East,39,39,0,108.68,10,Cloudy,0,125.29,Autumn,0,109,0.0
2022-09-23,S004,P0012,Electronics,West,44,44,122,97.17,20,Rainy,1,117.15,Autumn,0,111,0.0
2022-09-24,S001,P0006,Toys,North,48,48,0,41.0,10,Sunny,0,40.9,Autumn,0,111,0.0
2022-09-24,S001,P0008,Electronics,North,24,24,124,46.39,10,Sunny,1,52.91,Autumn,0,139,0.0
2022-09-24,S002,P0003,Groceries,South,4,4,0,86.39,0,Sunny,0,84.28,Autumn,0,102,0.0
2022-09-24,S002,P0006,Clothing,South,29,29,107,67.18,10,Sunny,0,65.75,Autumn,0,119,0.0
2022-09-24,S005,P0015,Groceries,North,41,41,243,53.06,5,Sunny,0,52.2,Autumn,0,116,0.0
2022-09-25,S001,P0004,Electronics,North,47,47,0,108.61,10,Snowy,0,93.25,Autumn,0,113,0.0
2022-09-26,S001,P0007,Groceries,North,23,23,774,32.25,0,Sunny,0,30.29,Autumn,0,169,0.0
2022-09-27,S003,P0004,Groceries,East,10,10,0,27.29,0,Sunny,0,24.71,Autumn,0,135,0.0
2022-09-27,S003,P0005,Toys,East,37,37,0,22.72,10,Sunny,1,21.82,Autumn,0,112,0.0
2022-09-27,S004,P0002,Groceries,West,12,12,0,18.28,5,Snowy,0,20.46,Autumn,0,82,0.0
2022-09-28,S001,P0006,Toys,North,34,34,0,45.05,0,Rainy,0,40.58,Autumn,0,107,0.0
2022-09-28,S002,P0020,Furniture,South,13,13,0,99.19,15,Rainy,1,87.57,Autumn,0,34,0.0
2022-09-28,S003,P0009,Groceries,East,47,47,92,56.72,5,Cloudy,0,52.79,Autumn,0,112,0.0
2022-09-29,S004,P0014,Furniture,West,33,33,246,193.65,0,Cloudy,0,221.35,Autumn,0,118,0.0
2022-09-30,S001,P0016,Groceries,North,28,28,0,39.8,5,Rainy,0,46.55,Autumn,0,122,0.0
2022-09-30,S004,P0020,Furniture,West,31,31,0,134.15,0,Cloudy,0,114.15,Autumn,0,67,0.0
2022-10-01,S001,P0019,Furniture,North,45,31,50,89.0,10,Rainy,1,79.45,Autumn,0,28,-1246.0
2022-10-03,S003,P0020,Clothing,East,33,33,0,69.93,10,Snowy,0,68.06,Autumn,0,93,0.0
2022-10-03,S004,P0002,Groceries,West,37,37,0,20.57,15,Sunny,1,19.01,Autumn,0,138,0.0
2022-10-03,S004,P0013,Groceries,West,14,14,0,22.46,0,Sunny,0,25.43,Autumn,0,126,0.0
2022-10-03,S004,P0020,Furniture,West,44,44,0,126.69,5,Sunny,0,142.05,Autumn,0,79,0.0
2022-10-05,S003,P0009,Groceries,East,25,25,89,56.35,5,Snowy,0,54.92,Autumn,0,110,0.0
2022-10-06,S003,P0016,Electronics,East,29,29,0,93.64,10,Cloudy,1,104.52,Autumn,0,107,0.0
2022-10-06,S004,P0020,Furniture,West,28,28,198,138.65,10,Sunny,1,147.44,Autumn,0,123,0.0
2022-10-08,S001,P0020,Furniture,North,27,27,0,104.51,25,Sunny,1,124.05,Autumn,0,122,0.0
2022-10-09,S002,P0003,Groceries,South,24,24,0,84.97,5,Cloudy,0,96.43,Autumn,0,130,0.0
2022-10-09,S002,P0010,Groceries,South,48,48,50,70.11,10,Cloudy,1,66.59,Autumn,0,47,0.0
2022-10-10,S005,P0001,Groceries,North,14,14,0,12.13,0,Rainy,0,13.1,Autumn,0,101,0.0
2022-10-11,S002,P0005,Electronics,South,4,4,0,73.17,25,Snowy,1,86.27,Autumn,0,111,0.0
2022-10-12,S004,P0006,Groceries,West,30,30,412,37.4,20,Sunny,1,44.91,Autumn,0,182,0.0
2022-10-12,S005,P0019,Furniture,North,44,44,0,141.0,5,Rainy,0,134.44,Autumn,0,78,0.0
2022-10-13,S002,P0017,Toys,South,14,14,0,17.28,20,Cloudy,1,20.13,Autumn,0,104,0.0
2022-10-13,S003,P0001,Toys,East,33,33,0,15.72,10,Cloudy,0,13.57,Autumn,0,91,0.0
2022-10-13,S003,P0014,Groceries,East,30,30,0,97.79,10,Cloudy,0,83.26,Autumn,0,124,0.0
2022-10-14,S001,P0005,Groceries,North,49,49,0,50.98,25,Snowy,1,55.78,Autumn,0,142,0.0
2022-10-14,S002,P0001,Groceries,South,49,49,0,58.55,20,Rainy,1,64.96,Autumn,0,69,0.0
2022-10-16,S001,P0008,Electronics,North,47,47,50,35.66,10,Snowy,0,42.65,Autumn,0,60,0.0
2022-10-16,S005,P0002,Electronics,North,5,5,0,33.9,10,Snowy,0,40.97,Autumn,0,67,0.0
2022-10-17,S003,P0015,Groceries,East,44,44,0,108.46,10,Snowy,1,103.89,Autumn,0,149,0.0
2022-10-18,S004,P0010,Groceries,West,29,29,0,28.08,5,Sunny,0,26.98,Autumn,0,123,0.0
2022-10-20,S001,P0008,Electronics,North,34,34,83,42.67,10,Rainy,0,36.7,Autumn,0,96,0.0
2022-10-20,S003,P0008,Clothing,East,6,6,247,118.76,10,Cloudy,0,103.86,Autumn,0,121,0.0
2022-10-20,S004,P0012,Electronics,West,48,48,109,91.5,20,Snowy,1,97.9,Autumn,0,93,0.0
2022-10-20,S005,P0001,Groceries,North,27,27,0,12.46,0,Rainy,0,11.59,Autumn,0,93,0.0
2022-10-22,S004,P0013,Groceries,West,48,48,377,24.19,0,Cloudy,0,21.96,Autumn,0,134,0.0
2022-10-23,S002,P0016,Clothing,South,15,15,0,78.52,10,Rainy,0,72.01,Autumn,0,76,0.0
2022-10-23,S002,P0017,Toys,South,45,45,335,22.57,10,Rainy,0,22.42,Autumn,0,136,0.0
2022-10-23,S004,P0015,Furniture,West,34,34,0,94.85,0,Cloudy,0,81.67,Autumn,0,55,0.0
2022-10-24,S002,P0007,Toys,South,15,15,0,30.07,10,Sunny,1,29.56,Autumn,0,129,0.0
2022-10-24,S004,P0012,Electronics,West,49,49,125,123.1,10,Cloudy,1,148.12,Autumn,0,151,0.0
2022-10-24,S005,P0001,Groceries,North,42,42,418,15.36,5,Sunny,0,15.22,Autumn,0,182,0.0
2022-10-25,S003,P0009,Groceries,East,38,38,65,46.96,10,Cloudy,0,46.68,Autumn,0,72,0.0
2022-10-25,S004,P0002,Groceries,West,33,33,307,24.82,5,Rainy,0,22.24,Autumn,0,165,0.0
2022-10-25,S004,P0014,Furniture,West,41,18,0,113.42,20,Rainy,1,113.33,Autumn,0,20,-2608.66
2022-10-26,S002,P0011,Groceries,South,17,17,611,102.28,20,Rainy,1,100.47,Autumn,0,181,0.0
2022-10-26,S003,P0014,Groceries,East,26,26,0,73.53,15,Rainy,1,66.15,Autumn,0,57,0.0
2022-10-26,S004,P0020,Furniture,West,33,33,0,108.0,10,Snowy,0,113.97,Autumn,0,51,0.0
2022-10-29,S001,P0012,Groceries,North,4,4,288,93.03,5,Sunny,0,85.25,Autumn,0,136,0.0
2022-10-29,S003,P0014,Groceries,East,30,30,0,95.23,5,Rainy,0,111.32,Autumn,0,114,0.0
2022-10-30,S004,P0012,Electronics,West,37,37,80,116.08,5,Cloudy,0,100.62,Autumn,0,97,0.0
2022-10-31,S003,P0020,Clothing,East,14,14,456,68.32,10,Snowy,0,72.58,Autumn,0,102,0.0
2022-11-01,S003,P0008,Clothing,East,41,41,358,127.84,10,Snowy,0,139.1,Autumn,0,164,0.0
2022-11-01,S004,P0016,Furniture,West,4,4,506,158.93,0,Sunny,0,149.84,Autumn,0,152,0.0
2022-11-02,S002,P0014,Electronics,South,16,16,0,110.6,5,Sunny,0,95.78,Autumn,0,61,0.0
2022-11-03,S002,P0020,Furniture,South,23,23,0,108.69,25,Snowy,1,94.54,Autumn,0,92,0.0
2022-11-03,S003,P0014,Groceries,East,7,7,0,81.65,5,Rainy,0,70.04,Autumn,0,55,0.0
2022-11-03,S005,P0013,Groceries,North,25,25,0,72.56,0,Snowy,0,83.0,Autumn,0,90,0.0
2022-11-04,S001,P0008,Electronics,North,48,48,59,32.55,25,Sunny,1,27.92,Autumn,0,71,0.0
2022-11-04,S001,P0017,Toys,North,48,48,110,20.67,15,Sunny,1,24.29,Autumn,0,116,0.0
2022-11-04,S002,P0011,Groceries,South,27,27,0,103.19,0,Cloudy,0,100.96,Autumn,0,107,0.0
2022-11-04,S004,P0006,Groceries,West,40,40,181,32.22,10,Rainy,0,31.4,Autumn,0,77,0.0
2022-11-04,S005,P0019,Furniture,North,38,38,0,126.68,10,Sunny,0,145.94,Autumn,0,77,0.0
2022-11-05,S003,P0005,Toys,East,38,38,721,24.18,15,Cloudy,1,21.06,Autumn,0,153,0.0
2022-11-06,S002,P0003,Groceries,South,14,14,0,66.52,25,Cloudy,1,75.4,Autumn,0,127,0.0
2022-11-06,S002,P0013,Groceries,South,13,13,0,23.12,10,Cloudy,0,27.22,Autumn,0,146,0.0
2022-11-06,S004,P0007,Groceries,West,16,16,0,32.89,15,Snowy,1,31.09,Autumn,0,183,0.0
2022-11-07,S003,P0016,Electronics,East,34,34,0,108.23,15,Snowy,1,116.92,Autumn,0,176,0.0
2022-11-09,S003,P0015,Groceries,East,11,11,0,97.62,5,Rainy,0,107.36,Autumn,0,112,0.0
2022-11-12,S004,P0002,Groceries,West,23,23,0,22.34,5,Rainy,0,26.36,Autumn,0,146,0.0
2022-11-12,S004,P0014,Furniture,West,3,3,0,154.09,10,Rainy,0,149.71,Autumn,0,66,0.0
2022-11-13,S001,P0016,Groceries,North,11,11,0,37.08,5,Rainy,0,43.55,Autumn,0,100,0.0
2022-11-13,S005,P0005,Groceries,North,18,18,0,11.67,20,Rainy,1,14.04,Autumn,0,66,0.0
2022-11-13,S005,P0015,Groceries,North,39,39,0,43.07,0,Rainy,0,48.11,Autumn,0,55,0.0
2022-11-15,S001,P0008,Electronics,North,46,12,50,24.47,25,Cloudy,1,26.19,Autumn,0,13,-831.98
2022-11-15,S001,P0014,Groceries,North,41,41,0,74.58,25,Cloudy,1,88.67,Autumn,0,208,0.0
2022-11-16,S002,P0006,Clothing,South,41,41,87,49.43,25,Snowy,1,45.77,Autumn,0,81,0.0
2022-11-17,S005,P0007,Groceries,North,38,38,0,85.64,0,Snowy,0,94.59,Autumn,0,111,0.0
2022-11-18,S001,P0008,Electronics,North,31,31,109,44.45,5,Cloudy,0,46.99,Autumn,0,108,0.0
2022-11-19,S003,P0018,Furniture,East,39,39,544,154.51,15,Sunny,1,145.75,Autumn,0,153,0.0
2022-11-19,S004,P0011,Clothing,West,32,32,695,69.43,10,Sunny,0,59.65,Autumn,0,164,0.0
2022-11-19,S005,P0019,Furniture,North,44,44,267,143.16,25,Rainy,1,128.52,Autumn,0,158,0.0
2022-11-20,S001,P0020,Furniture,North,26,26,0,106.02,10,Snowy,0,97.99,Autumn,0,58,0.0
2022-11-20,S002,P0016,Clothing,South,6,6,0,76.03,10,Snowy,0,90.21,Autumn,0,81,0.0
2022-11-21,S004,P0015,Furniture,West,17,17,0,92.71,5,Cloudy,0,106.34,Autumn,0,76,0.0
2022-11-21,S005,P0018,Clothing,North,48,48,133,23.87,5,Cloudy,0,20.5,Autumn,0,124,0.0
2022-11-22,S002,P0018,Clothing,South,42,42,111,29.7,5,Cloudy,0,34.64,Autumn,0,132,0.0
2022-11-22,S004,P0002,Groceries,West,6,6,0,20.92,10,Cloudy,0,22.66,Autumn,0,142,0.0
2022-11-22,S004,P0012,Electronics,West,45,45,101,124.24,0,Cloudy,0,107.31,Autumn,0,102,0.0
2022-11-24,S001,P0017,Toys,North,37,37,187,23.34,20,Sunny,1,21.68,Autumn,0,160,0.0
2022-11-24,S003,P0016,Electronics,East,23,23,215,103.33,10,Cloudy,0,98.64,Autumn,0,122,0.0
2022-11-24,S005,P0002,Electronics,North,29,29,0,44.1,10,Sunny,0,39.14,Autumn,0,132,0.0
2022-11-25,S001,P0020,Furniture,North,45,16,0,88.88,10,Rainy,0,80.76,Autumn,0,15,-2577.52
2022-11-25,S003,P0020,Clothing,East,42,42,0,75.56,0,Cloudy,0,69.58,Autumn,0,85,0.0
2022-11-26,S003,P0004,Groceries,East,24,24,0,20.27,10,Sunny,0,17.25,Autumn,0,75,0.0
2022-11-27,S002,P0002,Toys,South,3,3,231,35.16,5,Sunny,0,32.18,Autumn,0,114,0.0
2022-11-27,S002,P0003,Groceries,South,30,30,0,87.12,10,Sunny,0,97.08,Autumn,0,157,0.0
2022-11-28,S005,P0013,Groceries,North,42,42,0,76.29,5,Snowy,0,75.93,Autumn,0,105,0.0
2022-11-28,S005,P0014,Furniture,North,7,7,0,159.42,0,Snowy,0,145.12,Autumn,0,51,0.0
2022-12-01,S003,P0002,Groceries,East,42,42,0,40.27,25,Cloudy,1,43.06,Winter,0,84,0.0
2022-12-01,S005,P0007,Groceries,North,18,18,0,64.61,5,Snowy,0,74.22,Winter,0,46,0.0
2022-12-02,S003,P0001,Toys,East,32,32,241,17.62,5,Sunny,0,15.36,Winter,0,109,0.0
2022-12-04,S002,P0013,Groceries,South,20,20,0,23.51,0,Cloudy,0,22.41,Winter,0,100,0.0
2022-12-04,S003,P0011,Electronics,East,41,41,0,110.61,10,Sunny,0,128.35,Winter,0,93,0.0
2022-12-05,S003,P0009,Groceries,East,49,49,234,72.16,15,Cloudy,1,63.7,Winter,0,245,0.0
2022-12-06,S005,P0018,Clothing,North,49,49,154,26.09,10,Sunny,0,22.33,Winter,0,174,0.0
2022-12-07,S001,P0008,Electronics,North,37,37,94,38.56,20,Snowy,1,35.69,Winter,0,101,0.0
2022-12-07,S004,P0020,Furniture,West,46,46,0,117.73,0,Sunny,0,141.69,Winter,0,46,0.0
2022-12-07,S005,P0010,Groceries,North,45,45,0,63.16,20,Snowy,1,57.44,Winter,0,175,0.0
2022-12-09,S003,P0001,Toys,East,21,21,192,16.28,10,Snowy,1,19.53,Winter,0,118,0.0
2022-12-10,S004,P0013,Groceries,West,39,39,0,17.38,20,Cloudy,1,16.55,Winter,0,99,0.0
2022-12-10,S005,P0007,Groceries,North,25,25,0,83.76,10,Sunny,0,95.54,Winter,0,138,0.0
2022-12-11,S001,P0007,Groceries,North,28,28,0,29.26,15,Snowy,1,25.82,Winter,0,194,0.0
2022-12-11,S002,P0008,Groceries,South,42,42,63,21.79,10,Cloudy,0,19.81,Winter,0,65,0.0
2022-12-11,S003,P0018,Furniture,East,20,20,0,134.06,10,Cloudy,1,130.04,Winter,0,89,0.0
2022-12-11,S005,P0019,Furniture,North,31,31,0,117.93,10,Snowy,0,133.13,Winter,0,58,0.0
2022-12-13,S001,P0008,Electronics,North,49,49,73,42.94,0,Snowy,0,42.47,Winter,0,68,0.0
2022-12-13,S002,P0009,Groceries,South,23,23,0,52.94,5,Cloudy,0,48.4,Winter,0,52,0.0
2022-12-13,S002,P0011,Groceries,South,49,49,447,113.74,0,Cloudy,0,112.59,Winter,0,139,0.0
2022-12-13,S003,P0001,Toys,East,35,35,0,16.96,0,Snowy,0,16.84,Winter,0,82,0.0
2022-12-14,S004,P0016,Furniture,West,45,45,0,109.65,5,Snowy,0,121.74,Winter,0,68,0.0
2022-12-14,S005,P0013,Groceries,North,46,46,410,85.84,5,Sunny,0,75.89,Winter,0,144,0.0
2022-12-14,S005,P0019,Furniture,North,35,35,0,128.36,20,Sunny,1,112.72,Winter,0,100,0.0
2022-12-15,S004,P0011,Clothing,West,19,19,650,68.42,5,Cloudy,0,74.05,Winter,0,157,0.0
2022-12-15,S005,P0012,Furniture,North,46,46,0,127.1,15,Snowy,1,139.49,Winter,0,118,0.0
2022-12-16,S001,P0002,Clothing,North,41,41,155,65.62,10,Cloudy,1,73.56,Winter,0,130,0.0
2022-12-16,S003,P0012,Furniture,East,8,8,0,90.34,15,Snowy,1,79.05,Winter,0,81,0.0
2022-12-16,S004,P0010,Groceries,West,31,31,0,26.0,0,Snowy,0,30.64,Winter,0,99,0.0
2022-12-16,S004,P0014,Furniture,West,40,40,0,123.48,20,Snowy,1,134.27,Winter,0,52,0.0
2022-12-19,S005,P0001,Groceries,North,39,39,0,11.41,10,Snowy,0,13.13,Winter,0,115,0.0
2022-12-22,S002,P0013,Groceries,South,18,18,0,27.29,0,Sunny,0,25.68,Winter,0,149,0.0
2022-12-23,S001,P0004,Electronics,North,16,16,0,90.6,5,Snowy,0,102.95,Winter,0,60,0.0
2022-12-23,S002,P0006,Clothing,South,38,38,97,62.55,10,Snowy,0,61.95,Winter,0,97,0.0
2022-12-23,S004,P0015,Furniture,West,37,37,327,94.94,10,Sunny,0,108.35,Winter,0,99,0.0
2022-12-25,S003,P0017,Furniture,East,22,22,344,127.58,0,Sunny,0,146.11,Winter,0,88,0.0
2022-12-25,S005,P0019,Furniture,North,30,30,0,118.37,15,Snowy,1,138.22,Winter,0,74,0.0
2022-12-26,S001,P0003,Clothing,North,8,8,0,57.92,10,Sunny,1,66.39,Winter,0,146,0.0
2022-12-26,S004,P0016,Furniture,West,48,48,0,96.86,15,Cloudy,1,106.01,Winter,0,65,0.0
2022-12-26,S005,P0005,Groceries,North,27,27,0,17.51,10,Sunny,0,17.44,Winter,0,138,0.0
2022-12-28,S001,P0016,Groceries,North,34,34,0,38.73,10,Sunny,0,33.12,Winter,0,114,0.0
2022-12-29,S001,P0017,Toys,North,48,48,145,24.79,10,Sunny,0,24.08,Winter,0,140,0.0
2022-12-29,S002,P0004,Groceries,South,30,30,0,34.72,10,Cloudy,0,39.41,Winter,0,72,0.0
2022-12-30,S003,P0020,Clothing,East,33,33,0,61.06,5,Cloudy,0,57.9,Winter,0,42,0.0
2022-12-31,S003,P0001,Toys,East,32,32,0,19.79,0,Sunny,0,22.8,Winter,0,148,0.0
2022-12-31,S004,P0014,Furniture,West,32,32,0,171.75,0,Snowy,0,164.4,Winter,0,67,0.0
2023-01-01,S003,P0016,Electronics,East,38,38,0,87.46,25,Sunny,1,92.77,Winter,0,144,0.0
2023-01-02,S001,P0006,Toys,North,47,47,0,31.94,25,Sunny,1,37.12,Winter,0,106,0.0
2023-01-02,S004,P0002,Groceries,West,10,10,370,23.17,10,Sunny,1,21.99,Winter,0,160,0.0
2023-01-04,S002,P0006,Clothing,South,44,44,126,64.73,20,Cloudy,1,60.69,Winter,0,147,0.0
2023-01-04,S002,P0013,Groceries,South,36,36,0,28.48,0,Cloudy,0,25.71,Winter,0,164,0.0
2023-01-04,S005,P0016,Toys,North,49,49,0,43.35,0,Cloudy,0,37.82,Winter,0,148,0.0
2023-01-05,S001,P0011,Furniture,North,24,24,0,153.7,5,Cloudy,0,175.32,Winter,0,74,0.0
2023-01-05,S004,P0012,Electronics,West,47,47,114,107.42,10,Sunny,0,120.5,Winter,0,106,0.0
2023-01-05,S004,P0020,Furniture,West,49,49,0,134.24,5,Sunny,0,133.28,Winter,0,81,0.0
2023-01-06,S001,P0006,Toys,North,48,48,0,32.55,10,Snowy,0,34.89,Winter,0,59,0.0
2023-01-06,S002,P0010,Groceries,South,49,49,161,103.69,15,Sunny,1,89.31,Winter,0,190,0.0
2023-01-07,S004,P0008,Furniture,West,45,45,77,97.35,5,Sunny,0,89.08,Winter,0,71,0.0
2023-01-07,S005,P0009,Groceries,North,40,40,0,85.3,10,Cloudy,0,92.44,Winter,0,94,0.0
2023-01-08,S005,P0015,Groceries,North,42,42,0,52.36,15,Cloudy,1,61.85,Winter,0,167,0.0
2023-01-09,S001,P0010,Furniture,North,32,32,0,125.86,5,Sunny,0,147.02,Winter,0,84,0.0
2023-01-09,S004,P0012,Electronics,West,32,32,151,117.57,15,Sunny,1,128.26,Winter,0,155,0.0
2023-01-11,S001,P0004,Electronics,North,31,31,244,108.83,10,Sunny,0,125.49,Winter,0,131,0.0
2023-01-11,S002,P0011,Groceries,South,21,21,446,128.6,0,Cloudy,0,112.42,Winter,0,183,0.0
2023-01-11,S004,P0012,Electronics,West,46,46,89,107.13,10,Snowy,1,99.35,Winter,0,90,0.0
2023-01-13,S002,P0007,Toys,South,39,39,0,26.21,0,Snowy,0,30.89,Winter,0,71,0.0
2023-01-13,S003,P0018,Furniture,East,3,3,0,142.67,10,Snowy,1,130.76,Winter,0,108,0.0
2023-01-14,S003,P0004,Groceries,East,10,10,0,23.17,10,Sunny,0,21.37,Winter,0,116,0.0
2023-01-15,S001,P0008,Electronics,North,33,33,87,41.61,15,Snowy,1,36.97,Winter,0,106,0.0
2023-01-16,S001,P0017,Toys,North,43,43,120,26.29,0,Cloudy,0,29.12,Winter,0,142,0.0
2023-01-17,S001,P0020,Furniture,North,36,36,0,119.54,10,Sunny,0,137.36,Winter,0,107,0.0
2023-01-17,S003,P0009,Groceries,East,31,31,123,48.56,25,Sunny,1,48.46,Winter,0,139,0.0
2023-01-18,S001,P0017,Toys,North,41,41,105,24.93,5,Cloudy,0,24.0,Winter,0,124,0.0
2023-01-18,S005,P0019,Furniture,North,39,39,199,122.74,20,Cloudy,1,136.85,Winter,0,102,0.0
2023-01-19,S005,P0001,Groceries,North,46,46,436,12.17,25,Sunny,1,14.34,Winter,0,204,0.0
2023-01-20,S002,P0001,Groceries,South,30,30,0,90.91,5,Sunny,0,95.99,Winter,0,153,0.0
2023-01-20,S004,P0006,Groceries,West,6,6,339,37.96,20,Sunny,1,40.16,Winter,0,188,0.0
2023-01-21,S002,P0004,Groceries,South,44,44,0,37.48,5,Cloudy,0,42.42,Winter,0,78,0.0
2023-01-21,S005,P0009,Groceries,North,38,38,0,78.01,25,Sunny,1,89.05,Winter,0,124,0.0
2023-01-22,S001,P0017,Toys,North,48,48,130,23.19,10,Sunny,0,22.12,Winter,0,118,0.0
2023-01-22,S004,P0012,Electronics,West,24,24,186,120.62,20,Snowy,1,111.8,Winter,0,168,0.0
2023-01-23,S002,P0008,Groceries,South,46,46,138,28.6,5,Cloudy,0,31.97,Winter,0,149,0.0
2023-01-23,S003,P0011,Electronics,East,20,20,297,133.82,10,Cloudy,0,117.34,Winter,0,138,0.0
2023-01-23,S004,P0020,Furniture,West,45,45,151,109.85,25,Sunny,1,101.41,Winter,0,92,0.0
2023-01-26,S001,P0014,Groceries,North,32,32,0,81.4,5,Sunny,0,81.33,Winter,0,134,0.0
2023-01-27,S002,P0001,Groceries,South,46,32,0,59.51,10,Cloudy,0,67.36,Winter,0,42,-833.14
2023-01-27,S003,P0005,Toys,East,49,49,0,19.86,10,Cloudy,0,19.23,Winter,0,73,0.0
2023-01-30,S001,P0008,Electronics,North,48,37,50,35.09,10,Sunny,0,33.23,Winter,1,43,-385.99
2023-01-30,S004,P0012,Electronics,West,45,19,50,88.82,5,Cloudy,0,76.01,Winter,1,26,-2309.3199999999997
2023-02-01,S001,P0017,Toys,North,48,7,0,14.61,10,Snowy,0,17.14,Winter,1,9,-599.01
2023-02-02,S001,P0017,Toys,North,41,15,50,16.13,10,Cloudy,1,16.09,Winter,1,20,-419.38
2023-02-02,S004,P0009,Clothing,West,33,33,0,127.85,0,Sunny,0,122.22,Winter,1,111,0.0
2023-02-02,S005,P0001,Groceries,North,15,15,302,10.56,25,Cloudy,1,9.08,Winter,1,132,0.0
2023-02-05,S001,P0017,Toys,North,48,48,66,19.8,10,Sunny,1,17.71,Winter,1,70,0.0
2023-02-05,S004,P0013,Groceries,West,47,47,0,18.01,10,Snowy,0,17.17,Winter,1,75,0.0
2023-02-06,S001,P0016,Groceries,North,34,34,0,31.35,10,Sunny,1,34.7,Winter,1,67,0.0
2023-02-07,S003,P0001,Toys,East,31,7,0,12.85,0,Snowy,0,12.79,Winter,1,13,-308.4
2023-02-08,S001,P0008,Electronics,North,37,37,72,43.81,0,Snowy,0,38.47,Winter,1,73,0.0
2023-02-08,S002,P0016,Clothing,South,41,41,0,96.28,10,Snowy,0,102.59,Winter,1,158,0.0
2023-02-08,S005,P0016,Toys,North,46,46,111,29.02,0,Snowy,0,34.18,Winter,1,44,0.0
2023-02-09,S001,P0017,Toys,North,38,38,53,18.01,10,Cloudy,0,20.4,Winter,1,59,0.0
2023-02-09,S005,P0019,Furniture,North,24,24,0,117.52,5,Cloudy,0,110.06,Winter,1,31,0.0
2023-02-11,S004,P0020,Furniture,West,28,28,0,102.35,5,Snowy,0,122.72,Winter,1,25,0.0
2023-02-12,S003,P0009,Groceries,East,42,42,63,48.25,0,Cloudy,0,58.13,Winter,1,65,0.0
2023-02-12,S004,P0002,Groceries,West,36,36,231,15.92,25,Cloudy,1,14.67,Winter,1,96,0.0
2023-02-12,S005,P0001,Groceries,North,36,36,0,8.94,20,Snowy,1,9.87,Winter,1,77,0.0
2023-02-13,S004,P0016,Furniture,West,39,31,0,81.16,20,Snowy,1,85.43,Winter,1,35,-649.28
2023-02-14,S003,P0020,Clothing,East,37,37,816,101.91,0,Sunny,0,95.03,Winter,1,186,0.0
2023-02-15,S002,P0012,Electronics,South,25,25,0,61.3,0,Snowy,0,55.78,Winter,1,49,0.0
2023-02-15,S003,P0009,Groceries,East,44,44,54,43.65,5,Cloudy,0,49.93,Winter,1,52,0.0
2023-02-16,S004,P0016,Furniture,West,32,19,0,97.1,5,Cloudy,0,95.26,Winter,1,25,-1262.3
2023-02-17,S004,P0008,Furniture,West,48,29,50,81.19,0,Snowy,0,92.65,Winter,1,25,-1542.61
2023-02-17,S005,P0001,Groceries,North,6,6,0,9.3,10,Snowy,0,11.18,Winter,1,56,0.0
2023-02-20,S001,P0004,Electronics,North,33,28,0,75.81,15,Sunny,1,81.67,Winter,1,43,-379.05
2023-02-20,S004,P0002,Groceries,West,48,48,0,17.35,10,Snowy,0,18.94,Winter,1,83,0.0
2023-02-20,S005,P0015,Groceries,North,35,35,296,52.17,5,Sunny,0,56.57,Winter,1,127,0.0
2023-02-21,S002,P0017,Toys,South,42,42,173,14.11,25,Cloudy,1,14.86,Winter,1,64,0.0
2023-02-21,S003,P0013,Groceries,East,6,6,382,73.14,5,Cloudy,0,79.22,Winter,1,115,0.0
2023-02-21,S004,P0007,Groceries,West,30,30,0,26.63,5,Snowy,0,25.28,Winter,1,76,0.0
2023-02-22,S001,P0008,Electronics,North,40,40,129,38.43,25,Sunny,1,37.79,Winter,1,120,0.0
2023-02-22,S001,P0014,Groceries,North,38,38,0,67.11,10,Sunny,0,77.89,Winter,1,105,0.0
2023-02-23,S002,P0006,Clothing,South,29,29,156,70.38,5,Snowy,0,78.48,Winter,1,134,0.0
2023-02-23,S005,P0011,Electronics,North,31,31,0,67.38,0,Snowy,0,72.33,Winter,1,46,0.0
2023-02-24,S004,P0002,Groceries,West,30,30,0,17.79,15,Sunny,1,18.9,Winter,1,107,0.0
2023-02-24,S004,P0012,Electronics,West,45,45,50,89.99,5,Sunny,0,105.47,Winter,1,42,0.0
2023-02-25,S003,P0007,Groceries,East,18,18,0,11.82,25,Snowy,1,11.48,Winter,1,73,0.0
2023-02-26,S001,P0008,Electronics,North,46,25,50,34.93,10,Cloudy,0,33.92,Winter,1,41,-733.53
2023-02-26,S005,P0010,Groceries,North,29,29,0,49.1,5,Cloudy,0,57.46,Winter,1,57,0.0
2023-02-27,S003,P0009,Groceries,East,44,44,83,56.47,0,Cloudy,0,54.0,Winter,1,95,0.0
2023-02-27,S004,P0016,Furniture,West,47,46,95,97.69,5,Cloudy,0,111.04,Winter,1,39,-97.69
2023-03-01,S001,P0017,Toys,North,42,42,89,20.18,10,Rainy,0,17.94,Spring,0,76,0.0
2023-03-01,S003,P0012,Furniture,East,43,43,176,91.1,10,Rainy,0,97.79,Spring,0,82,0.0
2023-03-01,S005,P0014,Furniture,North,42,42,0,133.35,20,Rainy,1,152.92,Spring,0,76,0.0
2023-03-02,S004,P0002,Groceries,West,45,45,0,18.56,5,Rainy,0,18.35,Spring,0,72,0.0
2023-03-02,S005,P0005,Groceries,North,47,47,0,18.62,0,Sunny,0,20.3,Spring,0,140,0.0
2023-03-03,S001,P0016,Groceries,North,27,27,528,43.31,15,Sunny,1,40.26,Spring,0,173,0.0
2023-03-03,S002,P0006,Clothing,South,34,34,90,57.18,10,Rainy,0,65.64,Spring,0,86,0.0
2023-03-03,S002,P0014,Electronics,South,36,36,554,111.19,25,Rainy,1,104.41,Spring,0,134,0.0
2023-03-03,S002,P0017,Toys,South,33,33,267,15.3,25,Rainy,1,17.03,Spring,0,87,0.0
2023-03-03,S004,P0016,Furniture,West,42,5,0,74.86,20,Cloudy,1,71.61,Spring,0,6,-2769.82
2023-03-03,S004,P0020,Furniture,West,32,32,0,137.77,5,Cloudy,0,130.01,Spring,0,89,0.0
2023-03-03,S005,P0002,Electronics,North,46,46,493,48.15,10,Sunny,0,53.29,Spring,0,182,0.0
2023-03-04,S003,P0005,Toys,East,14,14,0,23.11,10,Cloudy,1,21.57,Spring,0,118,0.0
2023-03-04,S004,P0007,Groceries,West,7,7,0,30.35,10,Cloudy,0,29.68,Spring,0,133,0.0
2023-03-05,S004,P0002,Groceries,West,43,43,394,27.41,0,Sunny,0,25.59,Spring,0,184,0.0
2023-03-05,S005,P0011,Electronics,North,42,42,0,74.91,10,Sunny,0,72.41,Spring,0,90,0.0
2023-03-06,S002,P0001,Groceries,South,5,5,0,80.96,10,Rainy,0,89.78,Spring,0,131,0.0
2023-03-06,S004,P0020,Furniture,West,44,33,0,102.87,10,Rainy,1,109.55,Spring,0,39,-1131.5700000000002
2023-03-07,S004,P0012,Electronics,West,42,42,138,97.65,25,Cloudy,1,117.23,Spring,0,134,0.0
2023-03-08,S003,P0004,Groceries,East,10,10,0,22.38,5,Cloudy,0,20.52,Spring,0,88,0.0
2023-03-08,S003,P0008,Clothing,East,47,46,0,91.5,10,Cloudy,0,102.39,Spring,0,59,-91.5
2023-03-10,S005,P0001,Groceries,North,38,38,215,10.47,25,Cloudy,1,9.32,Spring,0,129,0.0
2023-03-10,S005,P0019,Furniture,North,46,46,0,144.34,5,Cloudy,0,164.18,Spring,0,100,0.0
2023-03-11,S005,P0002,Electronics,North,32,32,0,34.66,5,Rainy,0,38.0,Spring,0,59,0.0
2023-03-11,S005,P0016,Toys,North,46,46,0,32.33,10,Rainy,0,38.12,Spring,0,103,0.0
2023-03-13,S005,P0007,Groceries,North,31,31,0,86.71,0,Rainy,0,86.51,Spring,0,99,0.0
2023-03-13,S005,P0013,Groceries,North,43,43,0,71.24,10,Rainy,0,75.32,Spring,0,117,0.0
2023-03-14,S004,P0012,Electronics,West,44,44,90,127.62,0,Sunny,0,109.42,Spring,0,111,0.0
2023-03-15,S001,P0008,Electronics,North,36,36,116,45.37,0,Cloudy,0,54.44,Spring,0,98,0.0
2023-03-15,S003,P0013,Groceries,East,12,12,1247,92.27,20,Sunny,1,107.31,Spring,0,275,0.0
2023-03-15,S004,P0020,Furniture,West,36,36,198,134.99,10,Cloudy,1,116.36,Spring,0,99,0.0
2023-03-16,S001,P0001,Electronics,North,44,44,0,72.85,0,Cloudy,0,82.76,Spring,0,100,0.0
2023-03-16,S001,P0006,Toys,North,39,39,0,40.2,0,Cloudy,0,43.71,Spring,0,89,0.0
2023-03-17,S002,P0008,Groceries,South,49,49,138,28.87,5,Cloudy,0,24.62,Spring,0,134,0.0
2023-03-17,S004,P0002,Groceries,West,16,16,0,23.62,5,Sunny,0,25.37,Spring,0,166,0.0
2023-03-20,S003,P0016,Electronics,East,42,42,413,126.92,5,Sunny,0,136.97,Spring,0,195,0.0
2023-03-20,S005,P0005,Groceries,North,32,32,0,14.52,10,Rainy,0,16.69,Spring,0,94,0.0
2023-03-21,S005,P0001,Groceries,North,46,46,0,14.01,0,Cloudy,0,15.36,Spring,0,148,0.0
2023-03-23,S002,P0017,Toys,South,48,48,445,18.13,25,Cloudy,1,15.81,Spring,0,124,0.0
2023-03-23,S004,P0002,Groceries,West,47,47,391,22.82,10,Rainy,0,27.14,Spring,0,173,0.0
2023-03-23,S004,P0014,Furniture,West,36,36,0,151.99,5,Rainy,0,143.92,Spring,0,48,0.0
2023-03-25,S003,P0001,Toys,East,24,24,270,17.54,10,Sunny,0,15.61,Spring,0,125,0.0
2023-03-25,S003,P0004,Groceries,East,33,33,0,24.08,0,Sunny,0,26.3,Spring,0,111,0.0
2023-03-25,S005,P0014,Furniture,North,33,33,0,156.01,15,Sunny,1,140.75,Spring,0,89,0.0
2023-03-26,S004,P0006,Groceries,West,16,16,0,34.73,0,Sunny,0,38.65,Spring,0,83,0.0
2023-03-27,S004,P0012,Electronics,West,32,32,93,107.65,10,Cloudy,0,118.0,Spring,0,107,0.0
2023-03-28,S001,P0004,Electronics,North,48,48,283,121.09,5,Cloudy,0,110.11,Spring,0,131,0.0
2023-03-28,S002,P0014,Electronics,South,38,38,0,117.21,10,Rainy,0,104.65,Spring,0,92,0.0
2023-03-28,S004,P0014,Furniture,West,49,49,0,172.62,0,Cloudy,0,185.32,Spring,0,83,0.0
2023-03-30,S002,P0009,Groceries,South,45,45,0,55.39,10,Cloudy,0,49.61,Spring,0,79,0.0
2023-03-30,S002,P0019,Clothing,South,22,22,0,84.1,5,Cloudy,0,91.44,Spring,0,99,0.0
2023-03-31,S003,P0001,Toys,East,14,14,255,18.37,5,Sunny,0,22.17,Spring,0,140,0.0
2023-03-31,S005,P0009,Groceries,North,47,47,0,100.53,0,Cloudy,0,92.14,Spring,0,97,0.0
2023-04-01,S004,P0016,Furniture,West,28,28,0,115.18,5,Cloudy,0,108.86,Spring,0,68,0.0
2023-04-03,S002,P0011,Groceries,South,35,35,0,103.57,5,Cloudy,0,92.81,Spring,0,124,0.0
2023-04-04,S001,P0004,Electronics,North,48,48,0,97.84,10,Cloudy,0,116.32,Spring,0,97,0.0
2023-04-04,S003,P0015,Groceries,East,34,34,0,94.96,0,Sunny,0,113.05,Spring,0,88,0.0
2023-04-06,S005,P0014,Furniture,North,14,14,365,198.98,0,Cloudy,0,231.48,Spring,0,131,0.0
2023-04-07,S001,P0020,Furniture,North,47,47,0,104.42,5,Cloudy,0,111.7,Spring,0,53,0.0
2023-04-08,S005,P0019,Furniture,North,12,12,0,134.32,0,Rainy,0,124.62,Spring,0,51,0.0
2023-04-09,S004,P0012,Electronics,West,32,32,95,122.42,0,Sunny,0,105.56,Spring,0,98,0.0
2023-04-13,S001,P0008,Electronics,North,30,30,51,40.48,0,Cloudy,0,37.73,Spring,1,52,0.0
2023-04-14,S003,P0009,Groceries,East,44,39,50,38.78,10,Cloudy,0,44.55,Spring,1,36,-193.9
2023-04-16,S005,P0001,Groceries,North,14,14,204,12.4,0,Sunny,0,12.32,Spring,1,92,0.0
2023-04-17,S001,P0004,Electronics,North,20,20,0,92.42,10,Sunny,1,106.48,Spring,1,80,0.0
2023-04-17,S001,P0014,Groceries,North,6,6,0,63.49,0,Sunny,0,60.82,Spring,1,46,0.0
2023-04-17,S002,P0001,Groceries,South,15,15,0,55.78,25,Rainy,1,59.01,Spring,1,73,0.0
2023-04-18,S003,P0001,Toys,East,37,6,0,12.02,5,Sunny,0,10.77,Spring,1,9,-372.62
2023-04-20,S004,P0012,Electronics,West,43,43,50,98.09,5,Cloudy,0,94.44,Spring,1,51,0.0
2023-04-21,S005,P0005,Groceries,North,46,46,0,13.96,10,Rainy,0,12.77,Spring,1,68,0.0
2023-04-22,S004,P0020,Furniture,West,47,29,92,112.02,10,Cloudy,0,99.98,Spring,1,47,-2016.36
2023-04-23,S002,P0008,Groceries,South,44,39,50,19.14,10,Cloudy,0,21.94,Spring,1,45,-95.7
2023-04-23,S003,P0020,Clothing,East,17,17,0,64.49,20,Cloudy,1,74.25,Spring,1,121,0.0
2023-04-24,S004,P0011,Clothing,West,32,32,0,59.72,10,Sunny,1,51.47,Spring,1,112,0.0
2023-04-25,S002,P0003,Groceries,South,23,23,0,64.23,5,Rainy,0,70.86,Spring,1,48,0.0
2023-04-25,S004,P0014,Furniture,West,46,26,0,147.89,0,Sunny,0,170.93,Spring,1,41,-2957.7999999999997
2023-04-26,S002,P0015,Clothing,South,32,32,0,66.09,5,Sunny,0,60.78,Spring,1,84,0.0
2023-04-26,S003,P0001,Toys,East,33,33,135,14.42,10,Rainy,1,12.83,Spring,1,66,0.0
2023-04-27,S001,P0016,Groceries,North,45,45,0,36.47,10,Cloudy,0,35.56,Spring,1,96,0.0
2023-04-27,S004,P0020,Furniture,West,47,23,0,94.73,10,Cloudy,0,101.53,Spring,1,19,-2273.52
2023-04-27,S005,P0018,Clothing,North,43,43,147,22.3,20,Cloudy,1,22.05,Spring,1,160,0.0
2023-04-29,S005,P0012,Furniture,North,39,39,0,103.58,10,Cloudy,0,113.15,Spring,1,44,0.0
2023-04-30,S004,P0009,Clothing,West,32,32,0,113.15,10,Rainy,0,112.22,Spring,1,106,0.0
2023-04-30,S005,P0010,Groceries,North,15,15,0,45.48,10,Sunny,0,39.91,Spring,1,38,0.0
2023-05-01,S001,P0012,Groceries,North,49,43,0,55.35,25,Rainy,1,47.77,Spring,1,52,-332.1
2023-05-01,S005,P0001,Groceries,North,25,25,0,10.34,10,Rainy,0,8.82,Spring,1,70,0.0
2023-05-02,S003,P0001,Toys,East,19,19,0,12.92,10,Cloudy,0,14.49,Spring,1,51,0.0
2023-05-03,S001,P0010,Furniture,North,47,13,0,95.01,5,Rainy,0,105.98,Spring,1,13,-3230.34
2023-05-03,S001,P0016,Groceries,North,45,45,0,36.75,0,Rainy,0,41.16,Spring,1,82,0.0
2023-05-03,S004,P0004,Groceries,West,48,48,0,42.34,10,Rainy,1,45.62,Spring,1,60,0.0
2023-05-03,S004,P0011,Clothing,West,13,13,0,59.99,5,Rainy,0,51.56,Spring,1,97,0.0
2023-05-03,S004,P0020,Furniture,West,48,21,84,94.75,20,Rainy,1,89.32,Spring,1,35,-2558.25
2023-05-04,S002,P0001,Groceries,South,42,42,0,79.91,10,Cloudy,0,85.88,Spring,1,127,0.0
2023-05-04,S002,P0018,Clothing,South,49,47,72,22.65,10,Cloudy,0,24.99,Spring,1,67,-45.3
2023-05-04,S003,P0004,Groceries,East,16,16,0,19.55,10,Rainy,0,18.66,Spring,1,66,0.0
2023-05-05,S001,P0017,Toys,North,44,24,50,17.45,5,Cloudy,0,16.91,Spring,1,25,-349.0
2023-05-05,S004,P0012,Electronics,West,49,49,50,78.02,20,Rainy,1,82.88,Spring,1,49,0.0
2023-05-05,S005,P0005,Groceries,North,40,40,0,12.9,10,Cloudy,0,13.89,Spring,1,61,0.0
2023-05-05,S005,P0016,Toys,North,24,14,0,25.94,0,Cloudy,0,27.62,Spring,1,17,-259.40000000000003
2023-05-06,S005,P0016,Toys,North,10,10,0,24.34,5,Cloudy,0,28.01,Spring,1,15,0.0
2023-05-08,S001,P0003,Clothing,North,23,23,0,57.03,5,Cloudy,0,49.96,Spring,1,106,0.0
2023-05-08,S004,P0020,Furniture,West,47,27,0,109.79,0,Sunny,0,127.15,Spring,1,29,-2195.8
2023-05-09,S002,P0013,Groceries,South,32,32,264,19.58,15,Sunny,1,23.2,Spring,1,110,0.0
2023-05-09,S002,P0018,Clothing,South,43,43,173,32.89,5,Sunny,0,30.39,Spring,1,150,0.0
2023-05-09,S005,P0010,Groceries,North,37,37,0,54.23,5,Cloudy,0,59.82,Spring,1,84,0.0
2023-05-09,S005,P0016,Toys,North,48,31,0,25.87,10,Cloudy,1,23.13,Spring,1,29,-439.79
2023-05-10,S001,P0017,Toys,North,49,21,50,16.04,10,Sunny,0,15.77,Spring,1,18,-449.12
2023-05-10,S002,P0016,Clothing,South,8,8,0,92.51,0,Rainy,0,80.35,Spring,1,93,0.0
2023-05-11,S001,P0014,Groceries,North,47,47,268,72.88,0,Rainy,0,87.81,Spring,1,98,0.0
2023-05-11,S004,P0006,Groceries,West,42,42,0,28.78,10,Rainy,1,26.8,Spring,1,47,0.0
2023-05-12,S001,P0006,Toys,North,29,15,0,24.62,25,Cloudy,1,22.9,Spring,1,23,-344.68
2023-05-12,S001,P0017,Toys,North,40,40,50,16.86,10,Cloudy,0,18.2,Spring,1,42,0.0
2023-05-13,S003,P0008,Clothing,East,46,46,240,105.23,20,Cloudy,1,120.52,Spring,0,137,0.0
2023-05-14,S002,P0009,Groceries,South,47,47,0,60.07,10,Sunny,1,57.04,Spring,0,103,0.0
2023-05-14,S004,P0014,Furniture,West,36,36,148,182.28,0,Cloudy,0,178.52,Spring,0,84,0.0
2023-05-14,S004,P0020,Furniture,West,26,26,258,128.66,20,Cloudy,1,144.28,Spring,0,138,0.0
2023-05-14,S005,P0019,Furniture,North,25,25,0,142.63,0,Rainy,0,124.34,Spring,0,67,0.0
2023-05-15,S002,P0011,Groceries,South,48,48,0,104.0,5,Sunny,0,125.09,Spring,0,143,0.0
2023-05-15,S004,P0013,Groceries,West,38,38,0,18.02,10,Cloudy,0,16.6,Spring,0,75,0.0
2023-05-15,S005,P0015,Groceries,North,40,40,301,60.27,5,Sunny,0,64.34,Spring,0,178,0.0
2023-05-16,S002,P0005,Electronics,South,25,25,0,97.54,0,Sunny,0,89.0,Spring,0,95,0.0
2023-05-16,S002,P0006,Clothing,South,47,47,174,72.27,15,Sunny,1,70.65,Spring,0,164,0.0
2023-05-16,S002,P0020,Furniture,South,40,40,447,148.94,10,Sunny,0,148.0,Spring,0,134,0.0
2023-05-16,S005,P0011,Electronics,North,6,6,0,76.97,0,Sunny,0,85.21,Spring,0,82,0.0
2023-05-16,S005,P0016,Toys,North,10,10,0,35.77,10,Sunny,0,32.63,Spring,0,118,0.0
2023-05-17,S004,P0011,Clothing,West,14,14,0,62.4,20,Sunny,1,55.7,Spring,0,168,0.0
2023-05-17,S005,P0001,Groceries,North,15,15,0,13.34,10,Cloudy,1,14.94,Spring,0,169,0.0
2023-05-18,S001,P0013,Toys,North,46,46,129,34.47,10,Sunny,1,38.59,Spring,0,141,0.0
2023-05-18,S002,P0002,Toys,South,44,44,0,28.99,10,Cloudy,0,24.83,Spring,0,72,0.0
2023-05-19,S002,P0015,Clothing,South,38,38,0,69.91,10,Rainy,0,81.66,Spring,0,135,0.0
2023-05-20,S003,P0005,Toys,East,34,25,0,16.46,5,Rainy,0,17.65,Spring,0,24,-148.14000000000001
2023-05-21,S003,P0020,Clothing,East,43,43,0,73.05,5,Sunny,0,64.81,Spring,0,90,0.0
2023-05-21,S004,P0010,Groceries,West,33,33,0,23.92,10,Cloudy,0,23.83,Spring,0,90,0.0
2023-05-24,S001,P0008,Electronics,North,43,43,67,39.49,0,Sunny,0,44.25,Spring,0,59,0.0
2023-05-24,S002,P0006,Clothing,South,41,41,89,62.1,10,Cloudy,0,60.95,Spring,0,95,0.0
2023-05-24,S003,P0004,Groceries,East,30,30,0,24.01,0,Rainy,0,27.6,Spring,0,110,0.0
2023-05-26,S002,P0017,Toys,South,4,4,0,20.07,15,Sunny,1,21.3,Spring,0,133,0.0
2023-05-26,S003,P0015,Groceries,East,32,32,0,98.15,10,Cloudy,0,94.55,Spring,0,115,0.0
2023-05-26,S005,P0009,Groceries,North,21,21,0,83.67,10,Sunny,0,96.75,Spring,0,89,0.0
2023-05-27,S001,P0005,Groceries,North,30,30,0,60.44,10,Rainy,1,66.0,Spring,0,138,0.0
2023-05-27,S005,P0013,Groceries,North,31,31,0,69.2,15,Rainy,1,63.52,Spring,0,110,0.0
2023-05-29,S002,P0012,Electronics,South,27,27,0,57.01,10,Sunny,0,53.53,Spring,0,57,0.0
2023-05-31,S003,P0012,Furniture,East,48,48,140,91.5,10,Rainy,0,84.15,Spring,0,68,0.0
2023-05-31,S004,P0002,Groceries,West,20,20,232,24.4,0,Cloudy,0,22.82,Spring,0,141,0.0
2023-06-01,S002,P0010,Groceries,South,48,48,194,82.88,25,Rainy,1,94.23,Summer,0,172,0.0
2023-06-02,S003,P0001,Toys,East,37,37,124,15.0,10,Sunny,0,13.1,Summer,0,77,0.0
2023-06-03,S005,P0019,Furniture,North,43,43,0,147.41,0,Rainy,0,171.73,Summer,0,90,0.0
2023-06-04,S004,P0016,Furniture,West,43,42,0,108.52,5,Rainy,0,106.17,Summer,0,52,-108.52
2023-06-04,S005,P0018,Clothing,North,49,49,122,19.37,25,Sunny,1,19.11,Summer,0,133,0.0
2023-06-05,S001,P0017,Toys,North,38,38,114,19.97,20,Cloudy,1,22.05,Summer,0,124,0.0
2023-06-05,S002,P0016,Clothing,South,21,21,0,94.74,0,Rainy,0,103.87,Summer,0,116,0.0
2023-06-05,S004,P0008,Furniture,West,49,49,90,109.61,0,Cloudy,0,103.86,Summer,0,90,0.0
2023-06-06,S004,P0020,Furniture,West,39,39,186,134.58,10,Rainy,0,115.71,Summer,0,98,0.0
2023-06-07,S001,P0005,Groceries,North,13,13,0,51.89,5,Cloudy,0,59.88,Summer,0,74,0.0
2023-06-07,S002,P0015,Clothing,South,17,17,522,57.03,25,Rainy,1,49.71,Summer,0,111,0.0
2023-06-08,S004,P0016,Furniture,West,9,9,0,133.39,10,Sunny,1,119.17,Summer,0,128,0.0
2023-06-09,S001,P0016,Groceries,North,40,40,0,47.17,10,Sunny,1,52.94,Summer,0,204,0.0
2023-06-09,S005,P0018,Clothing,North,34,34,79,21.12,0,Sunny,0,20.73,Summer,0,71,0.0
2023-06-10,S004,P0020,Furniture,West,29,29,0,95.66,25,Cloudy,1,103.17,Summer,0,67,0.0
2023-06-11,S001,P0017,Toys,North,44,44,110,23.46,10,Sunny,0,21.19,Summer,0,121,0.0
2023-06-11,S002,P0007,Toys,South,11,11,0,24.41,10,Cloudy,1,28.75,Summer,0,80,0.0
2023-06-12,S005,P0001,Groceries,North,41,41,0,12.7,0,Cloudy,0,14.74,Summer,0,115,0.0
2023-06-13,S001,P0008,Electronics,North,49,49,106,50.98,0,Sunny,0,49.93,Summer,0,119,0.0
2023-06-13,S004,P0006,Groceries,West,10,10,0,33.08,5,Rainy,0,32.73,Summer,0,69,0.0
2023-06-13,S005,P0005,Groceries,North,42,42,0,16.93,10,Sunny,0,20.1,Summer,0,144,0.0
2023-06-13,S005,P0016,Toys,North,27,27,270,32.08,10,Sunny,0,36.94,Summer,0,100,0.0
2023-06-15,S002,P0008,Groceries,South,38,38,136,31.19,0,Sunny,0,37.14,Summer,0,161,0.0
2023-06-15,S004,P0020,Furniture,West,6,6,0,106.45,20,Cloudy,1,113.58,Summer,0,79,0.0
2023-06-15,S005,P0018,Clothing,North,23,23,96,23.19,0,Cloudy,0,21.65,Summer,0,98,0.0
2023-06-17,S004,P0009,Clothing,West,40,40,0,99.32,5,Cloudy,0,113.6,Summer,0,67,0.0
2023-06-17,S004,P0012,Electronics,West,29,29,79,111.77,0,Cloudy,0,134.4,Summer,0,86,0.0
2023-06-20,S003,P0009,Groceries,East,6,6,69,48.32,10,Sunny,0,45.21,Summer,0,80,0.0
2023-06-22,S002,P0016,Clothing,South,27,27,0,78.11,10,Sunny,1,70.45,Summer,0,74,0.0
2023-06-22,S004,P0010,Groceries,West,16,16,0,23.89,15,Cloudy,1,21.31,Summer,0,107,0.0
2023-06-23,S001,P0004,Electronics,North,9,9,0,105.43,0,Rainy,0,111.76,Summer,0,88,0.0
2023-06-23,S003,P0016,Electronics,East,11,11,0,92.27,0,Cloudy,0,105.33,Summer,0,71,0.0
2023-06-24,S004,P0002,Groceries,West,47,47,0,19.24,0,Rainy,0,22.92,Summer,0,82,0.0
2023-06-25,S003,P0008,Clothing,East,14,14,0,115.46,5,Rainy,0,108.99,Summer,0,95,0.0
2023-06-25,S003,P0012,Furniture,East,46,46,267,93.52,25,Rainy,1,80.17,Summer,0,130,0.0
2023-06-25,S005,P0002,Electronics,North,39,39,314,40.17,10,Rainy,0,37.24,Summer,0,102,0.0
2023-06-26,S002,P0016,Clothing,South,7,7,0,84.05,0,Rainy,0,79.02,Summer,0,66,0.0
2023-06-28,S002,P0013,Groceries,South,14,14,0,28.02,5,Rainy,0,27.94,Summer,0,178,0.0
2023-06-28,S005,P0014,Furniture,North,30,30,0,180.21,5,Sunny,0,164.24,Summer,0,99,0.0
2023-06-29,S004,P0008,Furniture,West,49,49,148,115.62,5,Cloudy,0,124.14,Summer,0,140,0.0
2023-06-30,S001,P0020,Furniture,North,5,5,335,124.58,5,Rainy,0,143.77,Summer,0,103,0.0
2023-06-30,S002,P0006,Clothing,South,47,47,125,73.69,5,Sunny,0,68.1,Summer,0,132,0.0
2023-06-30,S003,P0001,Toys,East,44,44,0,17.77,0,Cloudy,0,19.43,Summer,0,112,0.0
2023-06-30,S003,P0009,Groceries,East,48,48,80,54.64,0,Cloudy,0,52.92,Summer,0,85,0.0
2023-06-30,S003,P0016,Electronics,East,15,15,0,111.1,5,Cloudy,0,96.74,Summer,0,128,0.0
2023-06-30,S005,P0015,Groceries,North,33,33,0,56.02,0,Rainy,0,66.8,Summer,0,134,0.0
2023-07-02,S001,P0017,Toys,North,47,47,84,18.97,15,Sunny,1,22.55,Summer,0,89,0.0
2023-07-02,S004,P0009,Clothing,West,30,30,0,79.26,25,Sunny,1,93.87,Summer,0,70,0.0
2023-07-05,S003,P0001,Toys,East,49,49,271,17.22,10,Cloudy,1,18.76,Summer,0,136,0.0
2023-07-05,S005,P0011,Electronics,North,36,36,0,81.94,15,Cloudy,1,81.43,Summer,0,137,0.0
2023-07-05,S005,P0018,Clothing,North,39,39,109,18.52,20,Cloudy,1,20.64,Summer,0,114,0.0
2023-07-06,S001,P0008,Electronics,North,28,28,97,42.57,10,Rainy,1,51.36,Summer,0,111,0.0
2023-07-06,S002,P0017,Toys,South,6,6,440,23.05,10,Rainy,0,21.93,Summer,0,143,0.0
2023-07-06,S003,P0008,Clothing,East,8,8,0,115.78,15,Rainy,1,111.4,Summer,0,131,0.0
2023-07-06,S004,P0012,Electronics,West,41,41,162,122.5,10,Rainy,1,140.27,Summer,0,149,0.0
2023-07-07,S002,P0015,Clothing,South,24,24,0,59.55,10,Rainy,1,68.83,Summer,0,85,0.0
2023-07-10,S002,P0016,Clothing,South,43,43,0,75.55,0,Rainy,0,80.31,Summer,0,51,0.0
2023-07-10,S002,P0020,Furniture,South,30,30,0,127.2,10,Rainy,1,113.51,Summer,0,84,0.0
2023-07-11,S001,P0017,Toys,North,30,30,117,22.87,10,Rainy,0,20.38,Summer,0,113,0.0
2023-07-11,S004,P0007,Groceries,West,12,12,0,34.71,5,Rainy,0,38.83,Summer,0,180,0.0
2023-07-12,S002,P0014,Electronics,South,11,11,0,108.7,10,Cloudy,0,120.4,Summer,0,85,0.0
2023-07-12,S004,P0012,Electronics,West,48,46,63,101.74,0,Cloudy,0,111.1,Summer,0,60,-203.48
2023-07-14,S001,P0014,Groceries,North,35,35,0,59.38,20,Cloudy,1,68.07,Summer,0,104,0.0
2023-07-15,S002,P0001,Groceries,South,27,27,0,79.51,0,Rainy,0,85.02,Summer,0,92,0.0
2023-07-15,S005,P0005,Groceries,North,5,5,0,17.25,5,Rainy,0,16.63,Summer,0,115,0.0
2023-07-16,S005,P0016,Toys,North,17,17,0,29.22,10,Rainy,1,32.74,Summer,0,73,0.0
2023-07-17,S002,P0014,Electronics,South,34,34,0,116.52,10,Sunny,0,107.41,Summer,0,91,0.0
2023-07-18,S004,P0006,Groceries,West,29,29,0,40.92,0,Rainy,0,38.13,Summer,0,117,0.0
2023-07-19,S001,P0020,Furniture,North,22,22,0,103.12,10,Rainy,1,117.79,Summer,0,64,0.0
2023-07-20,S002,P0006,Clothing,South,36,14,50,46.31,5,Rainy,0,54.4,Summer,0,18,-1018.82
2023-07-20,S003,P0001,Toys,East,19,19,255,16.55,20,Cloudy,1,15.74,Summer,0,145,0.0
2023-07-21,S001,P0004,Electronics,North,45,45,0,115.95,5,Sunny,0,110.28,Summer,0,117,0.0
2023-07-21,S002,P0016,Clothing,South,33,33,208,100.45,0,Rainy,0,99.43,Summer,0,118,0.0
2023-07-22,S004,P0012,Electronics,West,36,36,76,97.88,10,Rainy,1,90.67,Summer,0,64,0.0
2023-07-22,S005,P0002,Electronics,North,34,34,0,34.07,15,Cloudy,1,36.0,Summer,0,85,0.0
2023-07-22,S005,P0013,Groceries,North,43,43,1013,108.16,15,Cloudy,1,123.81,Summer,0,313,0.0
2023-07-24,S002,P0001,Groceries,South,23,23,0,88.07,5,Rainy,0,94.78,Summer,0,142,0.0
2023-07-24,S004,P0020,Furniture,West,20,20,0,143.51,0,Sunny,0,172.86,Summer,0,101,0.0
2023-07-25,S001,P0020,Furniture,North,8,8,0,110.56,10,Rainy,0,132.45,Summer,0,83,0.0
2023-07-25,S003,P0004,Groceries,East,42,42,0,20.34,10,Sunny,1,17.69,Summer,0,76,0.0
2023-07-27,S001,P0007,Groceries,North,29,29,0,27.21,25,Cloudy,1,23.38,Summer,0,215,0.0
2023-07-27,S001,P0017,Toys,North,28,28,184,25.93,15,Cloudy,1,24.72,Summer,0,177,0.0
2023-07-27,S003,P0016,Electronics,East,33,33,0,108.04,10,Rainy,0,117.87,Summer,0,155,0.0
2023-07-27,S005,P0001,Groceries,North,38,38,0,13.21,10,Cloudy,1,15.05,Summer,0,165,0.0
2023-07-29,S002,P0015,Clothing,South,24,24,0,75.16,5,Sunny,0,80.94,Summer,0,141,0.0
2023-07-31,S002,P0016,Clothing,South,33,33,0,76.62,5,Rainy,0,81.44,Summer,0,68,0.0
2023-07-31,S005,P0015,Groceries,North,6,6,0,53.17,10,Rainy,0,57.34,Summer,0,152,0.0
2023-08-01,S004,P0002,Groceries,West,24,24,253,23.58,0,Rainy,0,23.25,Summer,0,129,0.0
2023-08-01,S004,P0012,Electronics,West,46,46,114,110.1,15,Rainy,1,125.19,Summer,0,132,0.0
2023-08-02,S003,P0009,Groceries,East,45,45,113,50.33,10,Cloudy,1,59.92,Summer,0,107,0.0
2023-08-02,S003,P0012,Furniture,East,8,8,0,81.32,20,Cloudy,1,71.23,Summer,0,68,0.0
2023-08-02,S005,P0001,Groceries,North,17,17,0,12.35,20,Cloudy,1,14.3,Summer,0,184,0.0
2023-08-02,S005,P0019,Furniture,North,45,45,0,176.98,0,Cloudy,0,206.81,Summer,0,150,0.0
2023-08-03,S003,P0007,Groceries,East,32,32,0,14.56,25,Rainy,1,13.79,Summer,0,138,0.0
2023-08-04,S004,P0009,Clothing,West,38,38,0,118.63,0,Cloudy,0,126.26,Summer,0,104,0.0
2023-08-05,S001,P0010,Furniture,North,34,34,0,117.93,10,Cloudy,0,102.62,Summer,0,66,0.0
2023-08-05,S004,P0006,Groceries,West,45,45,0,38.24,10,Sunny,0,33.32,Summer,0,129,0.0
2023-08-05,S004,P0020,Furniture,West,48,48,300,140.33,15,Sunny,1,159.24,Summer,0,147,0.0
2023-08-06,S003,P0001,Toys,East,47,47,0,16.72,0,Cloudy,0,15.96,Summer,0,78,0.0
2023-08-06,S005,P0018,Clothing,North,48,48,200,27.19,10,Cloudy,1,32.32,Summer,0,211,0.0
2023-08-08,S004,P0012,Electronics,West,48,48,145,131.88,15,Sunny,1,120.84,Summer,0,179,0.0
2023-08-10,S004,P0002,Groceries,West,14,14,0,16.75,15,Sunny,1,16.16,Summer,0,74,0.0
2023-08-10,S004,P0004,Groceries,West,5,5,552,67.87,10,Sunny,1,76.35,Summer,0,220,0.0
2023-08-10,S005,P0012,Furniture,North,45,45,489,124.96,20,Cloudy,1,118.31,Summer,0,116,0.0
2023-08-11,S003,P0013,Groceries,East,46,46,0,81.82,5,Rainy,0,97.26,Summer,0,153,0.0
2023-08-13,S002,P0019,Clothing,South,35,35,0,81.12,0,Cloudy,0,70.82,Summer,0,59,0.0
2023-08-13,S005,P0005,Groceries,North,19,19,0,17.69,5,Rainy,0,19.05,Summer,0,141,0.0
2023-08-14,S004,P0020,Furniture,West,39,39,0,134.64,5,Rainy,0,123.89,Summer,0,82,0.0
2023-08-14,S005,P0015,Groceries,North,24,24,459,68.07,5,Sunny,0,62.02,Summer,0,206,0.0
2023-08-15,S002,P0020,Furniture,South,49,49,0,130.79,10,Sunny,0,124.17,Summer,0,93,0.0
2023-08-15,S003,P0020,Clothing,East,49,49,0,71.22,5,Sunny,0,63.72,Summer,0,83,0.0
2023-08-16,S001,P0010,Furniture,North,45,45,0,119.09,5,Cloudy,0,104.64,Summer,0,55,0.0
2023-08-16,S004,P0012,Electronics,West,36,36,86,116.14,5,Rainy,0,105.16,Summer,0,97,0.0
2023-08-16,S005,P0002,Electronics,North,37,37,316,39.83,10,Cloudy,1,47.94,Summer,0,115,0.0
2023-08-20,S004,P0015,Furniture,West,33,33,0,83.09,25,Rainy,1,72.09,Summer,0,98,0.0
2023-08-21,S005,P0013,Groceries,North,5,5,0,73.74,0,Rainy,0,69.83,Summer,0,80,0.0
2023-08-22,S004,P0002,Groceries,West,37,37,413,26.78,10,Sunny,1,23.64,Summer,0,217,0.0
2023-08-23,S003,P0008,Clothing,East,37,37,276,133.15,0,Sunny,0,125.33,Summer,0,124,0.0
2023-08-23,S004,P0012,Electronics,West,35,35,121,131.69,0,Cloudy,0,126.71,Summer,0,121,0.0
2023-08-23,S005,P0015,Groceries,North,41,41,0,36.08,20,Rainy,1,41.77,Summer,0,68,0.0
2023-08-26,S005,P0007,Groceries,North,42,42,277,99.0,0,Rainy,0,109.46,Summer,0,160,0.0
2023-08-27,S002,P0016,Clothing,South,37,23,0,56.13,20,Cloudy,1,61.33,Summer,0,33,-785.82
2023-08-27,S003,P0001,Toys,East,37,37,276,14.86,25,Sunny,1,13.21,Summer,0,131,0.0
2023-08-27,S005,P0014,Furniture,North,42,42,503,198.07,10,Sunny,0,184.91,Summer,0,148,0.0
2023-08-28,S003,P0020,Clothing,East,40,40,0,74.03,10,Cloudy,0,87.93,Summer,0,127,0.0
2023-08-31,S004,P0020,Furniture,West,18,18,0,116.74,5,Rainy,0,135.9,Summer,0,57,0.0
2023-08-31,S005,P0001,Groceries,North,44,44,404,14.16,10,Cloudy,0,13.15,Summer,0,172,0.0
2023-09-02,S004,P0014,Furniture,West,37,37,0,133.71,20,Snowy,1,142.09,Autumn,0,74,0.0
2023-09-03,S004,P0002,Groceries,West,29,29,0,15.72,25,Snowy,1,16.78,Autumn,0,108,0.0
2023-09-03,S004,P0012,Electronics,West,42,42,111,106.33,15,Snowy,1,101.53,Autumn,0,105,0.0
2023-09-07,S003,P0020,Clothing,East,30,30,0,76.77,10,Rainy,1,65.38,Autumn,0,122,0.0
2023-09-11,S003,P0011,Electronics,East,43,43,0,109.28,25,Rainy,1,102.15,Autumn,0,131,0.0
2023-09-12,S004,P0016,Furniture,West,45,45,354,109.39,15,Rainy,1,122.78,Autumn,0,100,0.0
2023-09-12,S005,P0007,Groceries,North,13,13,0,77.54,5,Cloudy,0,69.6,Autumn,0,81,0.0
2023-09-13,S003,P0009,Groceries,East,48,48,231,65.63,20,Sunny,1,72.49,Autumn,0,253,0.0
2023-09-16,S003,P0001,Toys,East,47,47,0,18.28,0,Sunny,0,21.12,Autumn,0,121,0.0
2023-09-17,S002,P0016,Clothing,South,48,48,0,84.01,10,Cloudy,0,90.5,Autumn,0,111,0.0
2023-09-19,S004,P0012,Electronics,West,27,27,75,105.75,0,Rainy,0,117.96,Autumn,0,70,0.0
2023-09-19,S004,P0014,Furniture,West,12,12,0,150.06,10,Rainy,0,134.58,Autumn,0,59,0.0
2023-09-20,S003,P0008,Clothing,East,14,14,0,98.62,10,Rainy,0,111.42,Autumn,0,80,0.0
2023-09-20,S003,P0015,Groceries,East,13,13,552,114.77,0,Rainy,0,99.85,Autumn,0,132,0.0
2023-09-23,S001,P0020,Furniture,North,27,27,0,125.13,0,Sunny,0,112.77,Autumn,0,74,0.0
2023-09-24,S002,P0013,Groceries,South,37,37,0,21.41,20,Sunny,1,19.76,Autumn,0,142,0.0
2023-09-24,S002,P0016,Clothing,South,14,14,404,98.35,15,Sunny,1,108.23,Autumn,0,187,0.0
2023-09-24,S004,P0002,Groceries,West,12,12,0,23.0,20,Rainy,1,20.51,Autumn,0,203,0.0
2023-09-26,S005,P0018,Clothing,North,46,46,95,22.76,0,Cloudy,0,21.96,Autumn,0,93,0.0
2023-09-28,S001,P0013,Toys,North,42,42,70,28.62,5,Cloudy,0,32.68,Autumn,0,67,0.0
2023-09-29,S002,P0008,Groceries,South,42,42,182,32.86,0,Cloudy,0,30.47,Autumn,0,162,0.0
2023-09-29,S004,P0016,Furniture,West,7,7,0,110.6,0,Cloudy,0,131.57,Autumn,0,57,0.0
2023-09-30,S005,P0011,Electronics,North,37,37,0,79.45,0,Snowy,0,84.74,Autumn,0,91,0.0
2023-10-01,S002,P0011,Groceries,South,38,38,368,100.24,10,Rainy,1,95.99,Autumn,0,131,0.0
2023-10-01,S004,P0010,Groceries,West,27,27,0,23.59,0,Sunny,0,20.16,Autumn,0,57,0.0
2023-10-02,S005,P0007,Groceries,North,49,49,422,98.58,20,Sunny,1,107.34,Autumn,0,249,0.0
2023-10-02,S005,P0015,Groceries,North,26,26,0,47.16,5,Sunny,0,50.7,Autumn,0,95,0.0
2023-10-04,S001,P0017,Toys,North,31,31,78,19.22,10,Cloudy,0,23.04,Autumn,0,77,0.0
2023-10-05,S001,P0006,Toys,North,31,31,205,37.42,5,Snowy,0,42.49,Autumn,0,83,0.0
2023-10-06,S001,P0019,Furniture,North,47,47,80,116.03,10,Cloudy,0,115.55,Autumn,0,98,0.0
2023-10-06,S002,P0020,Furniture,South,28,28,0,120.17,15,Rainy,1,131.18,Autumn,0,100,0.0
2023-10-06,S004,P0011,Clothing,West,47,47,606,66.58,10,Sunny,0,64.87,Autumn,0,149,0.0
2023-10-07,S004,P0009,Clothing,West,20,20,0,99.97,0,Rainy,0,111.89,Autumn,1,55,0.0
2023-10-08,S001,P0017,Toys,North,38,38,50,15.83,15,Cloudy,1,17.93,Autumn,1,41,0.0
2023-10-08,S004,P0012,Electronics,West,49,31,50,96.91,0,Rainy,0,103.3,Autumn,1,47,-1744.3799999999999
2023-10-09,S001,P0008,Electronics,North,48,28,50,32.64,5,Cloudy,0,36.88,Autumn,1,25,-652.8
2023-10-10,S001,P0017,Toys,North,39,23,50,15.65,15,Rainy,1,16.77,Autumn,1,38,-250.4
2023-10-11,S001,P0014,Groceries,North,26,26,0,75.29,10,Sunny,1,89.82,Autumn,1,143,0.0
2023-10-12,S001,P0017,Toys,North,45,42,54,16.99,15,Rainy,1,20.49,Autumn,1,59,-50.97
2023-10-12,S003,P0009,Groceries,East,44,44,88,51.32,5,Cloudy,0,57.26,Autumn,1,97,0.0
2023-10-14,S003,P0020,Clothing,East,38,38,0,67.63,5,Rainy,0,58.69,Autumn,1,68,0.0
2023-10-14,S004,P0012,Electronics,West,46,46,81,90.45,15,Sunny,1,97.99,Autumn,1,72,0.0
2023-10-14,S004,P0016,Furniture,West,39,39,0,94.3,10,Sunny,0,105.07,Autumn,1,43,0.0
2023-10-17,S005,P0001,Groceries,North,25,25,0,9.31,20,Sunny,1,8.04,Autumn,1,74,0.0
2023-10-17,S005,P0009,Groceries,North,6,6,0,79.63,10,Sunny,0,86.27,Autumn,1,75,0.0
2023-10-18,S001,P0004,Electronics,North,48,48,129,83.62,20,Rainy,1,74.85,Autumn,1,71,0.0
2023-10-18,S003,P0001,Toys,East,32,19,0,12.37,5,Snowy,0,13.33,Autumn,1,27,-160.81
2023-10-18,S003,P0011,Electronics,East,47,47,0,121.24,0,Snowy,0,112.5,Autumn,1,75,0.0
2023-10-18,S003,P0015,Groceries,East,18,18,0,91.1,0,Snowy,0,107.13,Autumn,1,76,0.0
2023-10-18,S004,P0002,Groceries,West,25,25,315,19.02,25,Cloudy,1,17.75,Autumn,1,154,0.0
2023-10-19,S005,P0010,Groceries,North,36,36,0,46.43,15,Sunny,1,55.5,Autumn,1,72,0.0
2023-10-20,S005,P0016,Toys,North,48,8,0,23.69,10,Sunny,0,22.99,Autumn,1,9,-947.6
2023-10-21,S001,P0017,Toys,North,47,47,50,20.24,0,Sunny,0,18.36,Autumn,1,49,0.0
2023-10-21,S002,P0006,Clothing,South,44,44,104,69.11,5,Cloudy,0,64.26,Autumn,1,111,0.0
2023-10-21,S005,P0018,Clothing,North,31,31,62,19.31,5,Sunny,0,20.44,Autumn,1,75,0.0
2023-10-23,S001,P0008,Electronics,North,34,34,51,33.03,20,Cloudy,1,28.44,Autumn,1,57,0.0
2023-10-23,S003,P0009,Groceries,East,39,39,153,50.4,20,Snowy,1,43.3,Autumn,1,129,0.0
2023-10-23,S003,P0013,Groceries,East,40,40,0,63.18,15,Snowy,1,61.7,Autumn,1,89,0.0
2023-10-23,S005,P0011,Electronics,North,38,38,0,68.54,10,Cloudy,1,63.3,Autumn,1,65,0.0
2023-10-25,S004,P0007,Groceries,West,43,43,599,28.8,20,Sunny,1,26.91,Autumn,0,156,0.0
2023-10-26,S001,P0004,Electronics,North,24,24,0,91.14,10,Cloudy,0,80.86,Autumn,0,62,0.0
2023-10-26,S001,P0006,Toys,North,46,43,0,34.72,0,Cloudy,0,40.34,Autumn,0,49,-104.16
2023-10-26,S002,P0007,Toys,South,8,8,440,31.37,5,Cloudy,0,27.33,Autumn,0,125,0.0
2023-10-26,S002,P0013,Groceries,South,44,44,478,24.03,10,Cloudy,0,23.3,Autumn,0,141,0.0
2023-10-26,S002,P0015,Clothing,South,7,7,0,52.01,25,Cloudy,1,55.65,Autumn,0,99,0.0
2023-10-26,S003,P0020,Clothing,East,43,43,632,75.81,20,Sunny,1,65.5,Autumn,0,159,0.0
2023-10-26,S004,P0003,Furniture,West,22,22,0,147.34,5,Sunny,0,126.53,Autumn,0,90,0.0
2023-10-27,S001,P0006,Toys,North,3,3,0,34.2,10,Sunny,0,39.99,Autumn,0,72,0.0
2023-10-27,S002,P0017,Toys,South,24,24,0,23.85,0,Cloudy,0,22.4,Autumn,0,119,0.0
2023-10-27,S003,P0004,Groceries,East,35,35,0,21.69,10,Sunny,0,20.86,Autumn,0,95,0.0
2023-10-27,S004,P0010,Groceries,West,26,26,0,24.16,0,Sunny,0,21.6,Autumn,0,63,0.0
2023-10-28,S003,P0005,Toys,East,43,40,0,18.66,5,Snowy,0,20.57,Autumn,0,55,-55.980000000000004
2023-10-28,S005,P0019,Furniture,North,43,43,239,155.33,10,Sunny,1,143.41,Autumn,0,124,0.0
2023-10-29,S001,P0008,Electronics,North,41,41,139,48.59,5,Sunny,0,56.93,Autumn,0,137,0.0
2023-10-29,S002,P0016,Clothing,South,38,38,0,80.42,0,Cloudy,0,70.7,Autumn,0,54,0.0
2023-10-29,S003,P0009,Groceries,East,25,25,148,70.87,0,Cloudy,0,61.5,Autumn,0,171,0.0
2023-10-29,S005,P0002,Electronics,North,30,30,0,37.59,0,Sunny,0,33.89,Autumn,0,53,0.0
2023-10-29,S005,P0016,Toys,North,46,46,0,31.07,5,Sunny,0,34.01,Autumn,0,75,0.0
2023-10-30,S003,P0015,Groceries,East,8,8,0,98.81,10,Cloudy,0,107.98,Autumn,0,134,0.0
2023-10-31,S001,P0007,Groceries,North,21,21,0,22.21,5,Rainy,0,25.37,Autumn,0,80,0.0
2023-11-01,S002,P0016,Clothing,South,44,44,240,94.0,10,Cloudy,1,102.27,Autumn,0,149,0.0
2023-11-06,S003,P0017,Furniture,East,31,28,0,101.0,5,Rainy,0,100.53,Autumn,0,27,-303.0
2023-11-08,S003,P0009,Groceries,East,40,40,94,42.43,25,Snowy,1,46.37,Autumn,0,111,0.0
2023-11-08,S005,P0007,Groceries,North,8,8,0,99.17,0,Sunny,0,91.9,Autumn,0,142,0.0
2023-11-09,S001,P0003,Clothing,North,49,49,0,52.35,10,Rainy,0,51.16,Autumn,0,96,0.0
2023-11-11,S005,P0013,Groceries,North,37,37,0,80.26,10,Rainy,0,77.65,Autumn,0,140,0.0
2023-11-11,S005,P0019,Furniture,North,19,19,0,121.2,5,Rainy,0,131.82,Autumn,0,51,0.0
2023-11-12,S001,P0014,Groceries,North,23,23,0,60.09,25,Rainy,1,58.46,Autumn,0,112,0.0
2023-11-12,S003,P0004,Groceries,East,11,11,0,23.07,10,Sunny,0,25.96,Autumn,0,131,0.0
2023-11-13,S003,P0018,Furniture,East,42,42,0,137.33,10,Snowy,0,120.96,Autumn,0,96,0.0
2023-11-13,S005,P0016,Toys,North,9,9,383,34.26,10,Cloudy,1,36.71,Autumn,0,121,0.0
2023-11-14,S004,P0013,Groceries,West,45,45,0,18.28,15,Snowy,1,20.64,Autumn,0,112,0.0
2023-11-15,S003,P0011,Electronics,East,42,42,0,105.27,20,Sunny,1,103.86,Autumn,0,98,0.0
2023-11-15,S003,P0016,Electronics,East,49,49,159,95.81,5,Sunny,0,86.79,Autumn,0,82,0.0
2023-11-16,S002,P0003,Groceries,South,23,23,0,77.38,10,Snowy,0,87.49,Autumn,0,117,0.0
2023-11-16,S005,P0019,Furniture,North,39,39,0,131.09,10,Cloudy,0,130.49,Autumn,0,72,0.0
2023-11-17,S004,P0006,Groceries,West,29,29,0,32.85,10,Sunny,1,32.4,Autumn,0,82,0.0
2023-11-17,S004,P0016,Furniture,West,13,13,0,112.33,20,Sunny,1,109.33,Autumn,0,111,0.0
2023-11-18,S001,P0008,Electronics,North,38,25,50,31.12,15,Snowy,1,36.77,Autumn,0,40,-404.56
2023-11-18,S002,P0009,Groceries,South,26,26,306,57.76,25,Sunny,1,63.08,Autumn,0,169,0.0
2023-11-18,S002,P0016,Clothing,South,35,35,0,83.6,5,Sunny,0,77.26,Autumn,0,78,0.0
2023-11-19,S001,P0016,Groceries,North,40,40,0,44.29,10,Sunny,1,50.25,Autumn,0,179,0.0
2023-11-19,S003,P0016,Electronics,East,48,48,287,101.02,10,Sunny,1,115.43,Autumn,0,131,0.0
2023-11-19,S005,P0001,Groceries,North,10,10,0,13.98,0,Sunny,0,13.29,Autumn,0,130,0.0
2023-11-21,S005,P0010,Groceries,North,47,47,0,63.13,10,Sunny,0,54.14,Autumn,0,133,0.0
2023-11-22,S004,P0014,Furniture,West,24,24,0,164.0,0,Sunny,0,187.74,Autumn,0,68,0.0
2023-11-22,S005,P0015,Groceries,North,8,8,363,46.76,25,Cloudy,1,49.46,Autumn,0,172,0.0
2023-11-23,S001,P0006,Toys,North,47,47,0,39.01,0,Rainy,0,34.23,Autumn,0,66,0.0
2023-11-23,S003,P0017,Furniture,East,32,32,0,110.45,20,Rainy,1,103.78,Autumn,0,97,0.0
2023-11-23,S004,P0002,Groceries,West,12,12,0,17.23,5,Cloudy,0,15.62,Autumn,0,52,0.0
2023-11-23,S005,P0018,Clothing,North,43,43,172,26.78,0,Rainy,0,26.42,Autumn,0,146,0.0
2023-11-24,S002,P0006,Clothing,South,46,46,81,54.89,10,Snowy,0,66.4,Autumn,0,74,0.0
2023-11-25,S001,P0014,Groceries,North,19,19,610,87.14,5,Snowy,0,98.28,Autumn,0,176,0.0
2023-11-25,S004,P0020,Furniture,West,41,41,166,124.51,10,Rainy,1,122.66,Autumn,0,75,0.0
2023-11-26,S003,P0004,Groceries,East,45,45,0,23.88,5,Snowy,0,22.54,Autumn,0,108,0.0
2023-11-27,S004,P0016,Furniture,West,13,13,348,134.41,0,Cloudy,0,125.07,Autumn,0,97,0.0
2023-11-30,S003,P0013,Groceries,East,19,19,629,77.42,5,Cloudy,0,82.2,Autumn,0,134,0.0
2023-11-30,S005,P0018,Clothing,North,38,38,95,21.16,0,Cloudy,0,25.33,Autumn,0,87,0.0
2023-12-02,S005,P0019,Furniture,North,34,34,176,127.6,15,Cloudy,1,140.15,Winter,0,96,0.0
2023-12-03,S001,P0001,Electronics,North,43,43,216,73.4,10,Cloudy,0,73.28,Winter,0,119,0.0
2023-12-03,S001,P0006,Toys,North,18,18,0,44.02,10,Cloudy,1,40.84,Winter,0,134,0.0
2023-12-04,S002,P0006,Clothing,South,25,25,85,62.19,5,Sunny,0,60.62,Winter,0,80,0.0
2023-12-05,S001,P0016,Groceries,North,18,18,618,49.26,15,Cloudy,1,42.81,Winter,0,225,0.0
2023-12-06,S004,P0001,Groceries,West,32,32,0,9.88,5,Sunny,0,9.4,Winter,0,65,0.0
2023-12-07,S005,P0007,Groceries,North,47,47,0,79.33,20,Cloudy,1,79.16,Winter,0,142,0.0
2023-12-08,S004,P0003,Furniture,West,48,48,0,122.74,10,Snowy,0,146.16,Winter,0,68,0.0
2023-12-11,S004,P0002,Groceries,West,12,12,0,17.4,10,Snowy,0,20.69,Winter,0,84,0.0
2023-12-12,S001,P0003,Clothing,North,31,31,0,55.9,25,Sunny,1,49.75,Winter,0,181,0.0
2023-12-12,S002,P0009,Groceries,South,31,31,468,87.57,10,Snowy,1,80.7,Winter,0,244,0.0
2023-12-12,S003,P0001,Toys,East,45,45,307,15.81,20,Snowy,1,18.05,Winter,0,147,0.0
2023-12-14,S005,P0016,Toys,North,28,28,421,44.77,0,Sunny,0,38.12,Winter,0,159,0.0
2023-12-15,S005,P0013,Groceries,North,28,28,0,68.4,10,Snowy,0,82.71,Winter,0,104,0.0
2023-12-16,S002,P0016,Clothing,South,37,37,0,80.24,10,Snowy,0,69.13,Winter,0,82,0.0
2023-12-17,S004,P0020,Furniture,West,47,37,0,116.71,0,Cloudy,0,140.89,Winter,0,44,-1167.1
2023-12-18,S001,P0017,Toys,North,30,30,64,21.56,0,Cloudy,0,19.9,Winter,0,65,0.0
2023-12-19,S002,P0008,Groceries,South,36,36,87,22.49,5,Cloudy,0,24.08,Winter,0,73,0.0
2023-12-19,S004,P0011,Clothing,West,34,34,605,60.36,10,Sunny,1,67.12,Winter,0,133,0.0
2023-12-19,S004,P0012,Electronics,West,42,42,158,117.35,15,Sunny,1,105.5,Winter,0,137,0.0
2023-12-19,S005,P0013,Groceries,North,34,34,0,104.52,0,Sunny,0,96.64,Winter,0,199,0.0
2023-12-20,S004,P0002,Groceries,West,27,27,465,25.23,15,Snowy,1,26.59,Winter,0,238,0.0
2023-12-20,S005,P0005,Groceries,North,43,43,297,18.66,0,Snowy,0,16.74,Winter,0,124,0.0
2023-12-21,S003,P0018,Furniture,East,45,45,461,139.8,10,Sunny,1,138.37,Winter,0,101,0.0
2023-12-22,S004,P0020,Furniture,West,28,28,318,147.24,15,Snowy,1,146.76,Winter,0,146,0.0
2023-12-24,S002,P0020,Furniture,South,35,35,0,119.78,10,Cloudy,0,126.53,Winter,0,82,0.0
2023-12-24,S003,P0011,Electronics,East,49,49,0,100.28,10,Snowy,0,114.59,Winter,0,65,0.0
2023-12-24,S004,P0006,Groceries,West,38,38,0,41.55,0,Cloudy,0,36.71,Winter,0,122,0.0
2023-12-25,S002,P0016,Clothing,South,40,40,0,94.17,10,Snowy,0,90.46,Winter,0,132,0.0
2023-12-25,S004,P0014,Furniture,West,15,15,0,149.78,10,Cloudy,0,172.92,Winter,0,72,0.0
2023-12-30,S002,P0019,Clothing,South,19,19,0,83.33,10,Cloudy,0,75.92,Winter,1,97,0.0
2023-12-31,S001,P0008,Electronics,North,36,36,60,40.42,0,Cloudy,0,35.97,Winter,1,52,0.0
2023-12-31,S001,P0014,Groceries,North,35,35,0,67.93,0,Cloudy,0,80.32,Winter,1,78,0.0
2023-12-31,S003,P0020,Clothing,East,45,45,0,73.22,5,Sunny,0,79.44,Winter,1,106,0.0
2024-01-01,S003,P0008,Clothing,East,49,43,0,88.45,10,Cloudy,0,86.96,Winter,1,38,-530.7
2024-01-02,S004,P0002,Groceries,West,23,23,0,20.0,0,Sunny,0,22.09,Winter,1,94,0.0
2024-01-02,S005,P0005,Groceries,North,34,34,0,14.31,10,Cloudy,1,13.96,Winter,1,75,0.0
2024-01-03,S001,P0010,Furniture,North,45,22,0,97.38,10,Cloudy,0,110.47,Winter,1,31,-2239.74
2024-01-03,S002,P0003,Groceries,South,30,30,418,91.08,0,Cloudy,0,82.7,Winter,1,119,0.0
2024-01-04,S001,P0012,Groceries,North,13,13,0,67.01,0,Snowy,0,75.38,Winter,1,40,0.0
2024-01-04,S003,P0004,Groceries,East,13,13,0,18.01,0,Snowy,0,21.63,Winter,1,31,0.0
2024-01-05,S001,P0017,Toys,North,47,8,0,12.83,25,Sunny,1,11.02,Winter,1,9,-500.37
2024-01-06,S001,P0004,Electronics,North,33,15,0,76.51,10,Cloudy,0,65.12,Winter,1,19,-1377.18
2024-01-06,S001,P0017,Toys,North,39,7,50,17.21,0,Cloudy,0,15.83,Winter,1,11,-550.72
2024-01-07,S002,P0019,Clothing,South,24,24,0,73.01,15,Sunny,1,65.59,Winter,1,75,0.0
2024-01-08,S001,P0010,Furniture,North,47,21,0,99.95,5,Cloudy,0,108.17,Winter,1,24,-2598.7000000000003
2024-01-08,S004,P0011,Clothing,West,37,37,0,68.96,10,Sunny,0,59.91,Winter,1,161,0.0
2024-01-08,S004,P0016,Furniture,West,13,13,0,92.6,25,Sunny,1,87.7,Winter,1,73,0.0
2024-01-09,S001,P0004,Electronics,North,39,39,188,100.39,10,Snowy,0,113.69,Winter,0,105,0.0
2024-01-09,S003,P0009,Groceries,East,47,47,164,58.2,10,Snowy,1,50.85,Winter,0,138,0.0
2024-01-10,S001,P0012,Groceries,North,38,38,0,71.73,5,Snowy,0,70.94,Winter,0,58,0.0
2024-01-10,S002,P0001,Groceries,South,17,17,212,71.6,10,Snowy,0,63.97,Winter,0,78,0.0
2024-01-10,S003,P0012,Furniture,East,33,33,0,91.24,5,Cloudy,0,100.83,Winter,0,67,0.0
2024-01-10,S005,P0012,Furniture,North,30,30,0,146.4,0,Snowy,0,144.94,Winter,0,96,0.0
2024-01-11,S001,P0006,Toys,North,42,42,274,39.76,5,Snowy,0,37.45,Winter,0,85,0.0
2024-01-11,S004,P0012,Electronics,West,27,27,153,121.34,20,Sunny,1,135.83,Winter,0,190,0.0
2024-01-12,S004,P0001,Groceries,West,7,7,0,10.06,10,Snowy,0,9.83,Winter,0,85,0.0
2024-01-13,S003,P0009,Groceries,East,45,45,105,54.94,5,Cloudy,0,48.16,Winter,0,102,0.0
2024-01-13,S004,P0012,Electronics,West,49,49,214,135.28,15,Cloudy,1,120.29,Winter,0,189,0.0
2024-01-13,S005,P0015,Groceries,North,32,32,0,44.02,20,Sunny,1,39.73,Winter,0,111,0.0
2024-01-16,S003,P0014,Groceries,East,46,46,0,92.22,20,Cloudy,1,85.63,Winter,0,144,0.0
2024-01-17,S002,P0011,Groceries,South,30,30,0,74.62,25,Cloudy,1,65.77,Winter,0,96,0.0
2024-01-18,S002,P0008,Groceries,South,48,48,112,28.27,0,Sunny,0,32.24,Winter,0,127,0.0
2024-01-19,S004,P0006,Groceries,West,24,24,0,34.34,5,Snowy,0,32.1,Winter,0,80,0.0
2024-01-21,S001,P0020,Furniture,North,10,10,473,118.6,10,Cloudy,1,135.32,Winter,0,104,0.0
2024-01-21,S004,P0020,Furniture,West,46,46,147,109.0,25,Snowy,1,102.17,Winter,0,89,0.0
2024-01-22,S001,P0006,Toys,North,17,17,282,43.9,0,Sunny,0,49.23,Winter,0,116,0.0
2024-01-22,S005,P0018,Clothing,North,44,44,280,25.35,25,Sunny,1,28.15,Winter,0,260,0.0
2024-01-23,S004,P0002,Groceries,West,35,35,0,19.04,0,Cloudy,0,21.64,Winter,0,79,0.0
2024-01-25,S004,P0009,Clothing,West,36,36,0,159.48,0,Cloudy,0,155.03,Winter,0,189,0.0
2024-01-26,S001,P0017,Toys,North,49,49,82,21.4,5,Cloudy,0,19.15,Winter,0,77,0.0
2024-01-26,S002,P0007,Toys,South,24,24,0,25.23,10,Sunny,0,23.36,Winter,0,75,0.0
2024-01-26,S004,P0006,Groceries,West,10,10,269,41.58,5,Sunny,0,38.87,Winter,0,140,0.0
2024-01-27,S001,P0010,Furniture,North,46,46,0,112.68,10,Snowy,1,119.5,Winter,0,68,0.0
2024-01-28,S001,P0008,Electronics,North,41,41,118,50.82,0,Cloudy,0,47.13,Winter,0,118,0.0
2024-01-28,S004,P0004,Groceries,West,43,43,0,48.42,20,Sunny,1,56.64,Winter,0,136,0.0
2024-01-28,S004,P0014,Furniture,West,45,45,225,188.25,10,Sunny,0,178.64,Winter,0,126,0.0
2024-01-29,S003,P0009,Groceries,East,40,40,123,61.48,5,Snowy,0,52.27,Winter,0,138,0.0
2024-01-29,S005,P0019,Furniture,North,41,41,105,120.56,10,Cloudy,0,132.83,Winter,0,63,0.0
